gen; best; avg; dev
0; 31; 34.045; 0.85614
0; 31; 33.87; 0.896158
10; 31; 33.26; 1.18
20; 31; 33.39; 1.18233
30; 30; 33.325; 1.26861
40; 30; 33.28; 1.3159
50; 30; 33.37; 1.11942
60; 29; 33.125; 1.52295
70; 30; 33.32; 1.21145
80; 31; 33.525; 1.10877
90; 31; 33.175; 1.22653
100; 30; 33.07; 1.16837
110; 31; 33.17; 1.14503
120; 31; 33.085; 1.1392
130; 29; 32.92; 1.30905
140; 29; 32.835; 1.46553
150; 29; 33.05; 1.22372
160; 30; 33.04; 1.06226
170; 31; 32.925; 1.27255
180; 30; 33.04; 1.22
190; 30; 32.775; 1.35439
200; 30; 32.77; 1.3882
210; 30; 32.695; 1.36454
220; 28; 32.49; 1.66129
230; 28; 32.795; 1.3831
240; 29; 32.73; 1.48226
250; 29; 32.565; 1.64188
260; 30; 32.72; 1.38622
270; 27; 32.84; 1.35809
280; 30; 32.77; 1.37372
290; 30; 32.775; 1.35808
300; 29; 32.645; 1.38166
310; 29; 32.605; 1.50963
320; 29; 32.745; 1.33416
330; 29; 32.605; 1.47274
340; 29; 32.455; 1.53231
350; 28; 32.45; 1.54839
360; 29; 32.575; 1.40868
370; 28; 32.13; 1.71263
380; 29; 32.51; 1.34904
390; 28; 31.94; 1.99158
400; 28; 32.16; 1.6895
410; 28; 31.905; 1.99398
420; 28; 32.21; 1.7076
430; 28; 32.275; 1.53928
440; 29; 32.23; 1.58338
450; 28; 32.04; 1.66685
460; 27; 32.07; 1.84258
470; 29; 32.18; 1.61171
480; 29; 32.205; 1.54692
490; 29; 32.18; 1.55808
500; 29; 32.125; 1.63076
510; 28; 32.115; 1.56262
520; 29; 32.22; 1.44278
530; 29; 32.065; 1.63731
540; 27; 31.805; 1.82126
550; 28; 31.82; 1.72557
560; 29; 31.89; 1.6087
570; 28; 31.68; 1.80488
580; 28; 31.705; 1.64559
590; 29; 31.845; 1.53002
600; 28; 32.03; 1.60907
610; 29; 31.885; 1.64675
620; 29; 32.07; 1.29811
630; 29; 31.965; 1.48451
640; 29; 31.815; 1.54621
650; 29; 32.045; 1.47749
660; 28; 31.715; 1.76175
670; 29; 31.885; 1.46006
680; 28; 31.87; 1.64715
690; 27; 31.695; 1.72104
700; 28; 31.745; 1.75499
710; 28; 31.7; 1.66433
720; 28; 31.465; 1.79409
730; 27; 31.31; 2.0332
740; 27; 31.805; 1.59905
750; 29; 31.795; 1.57575
760; 26; 31.59; 1.74124
770; 28; 31.41; 1.81436
780; 28; 31.65; 1.66057
790; 29; 31.645; 1.59968
800; 28; 31.515; 1.61857
810; 28; 31.565; 1.53811
820; 28; 31.32; 1.59612
830; 28; 31.43; 1.57642
840; 27; 31.14; 1.80289
850; 28; 31.28; 1.7809
860; 27; 31.405; 1.60965
870; 29; 31.645; 1.39606
880; 27; 31.235; 1.75208
890; 27; 31.455; 1.56779
900; 28; 31.315; 1.59241
910; 28; 31.735; 1.48148
920; 28; 31.5; 1.71172
930; 28; 31.615; 1.68427
940; 29; 31.675; 1.50644
950; 28; 31.32; 1.902
960; 28; 31.59; 1.7152
970; 27; 31.575; 1.76476
980; 28; 31.585; 1.69493
990; 27; 31.345; 1.96366
1000; 25; 31.615; 1.84845
1010; 25; 31.55; 1.75143
1020; 25; 31.255; 2.13541
1030; 27; 31.36; 2.11906
1040; 27; 31.38; 1.94823
1050; 28; 31.72; 1.69753
1060; 28; 31.93; 1.47821
1070; 28; 31.85; 1.58666
1080; 27; 31.27; 1.98673
1090; 28; 31.77; 1.66946
1100; 28; 31.665; 1.61331
1110; 28; 31.66; 1.64146
1120; 27; 31.63; 1.74158
1130; 28; 31.57; 1.58906
1140; 28; 31.525; 1.58094
1150; 28; 31.46; 1.70247
1160; 27; 31.635; 1.62535
1170; 27; 31.45; 1.92029
1180; 27; 31.705; 1.74298
1190; 27; 31.39; 2.16977
1200; 27; 31.545; 1.99949
1210; 27; 31.665; 1.74436
1220; 27; 31.41; 2.09091
1230; 27; 31.315; 2.17848
1240; 28; 31.36; 2.03971
1250; 28; 31.845; 1.6003
1260; 28; 31.73; 1.66045
1270; 27; 31.66; 1.86665
1280; 26; 31.465; 1.71137
1290; 28; 31.45; 1.7713
1300; 27; 31.31; 2.04056
1310; 28; 31.36; 1.83859
1320; 27; 31.53; 1.7433
1330; 28; 31.5; 1.78885
1340; 27; 31.605; 1.66703
1350; 28; 31.66; 1.56984
1360; 28; 31.405; 1.75812
1370; 28; 31.495; 1.78885
1380; 28; 31.83; 1.57832
1390; 27; 31.545; 1.75726
1400; 27; 31.46; 1.76873
1410; 28; 31.415; 1.80632
1420; 28; 31.405; 1.68255
1430; 28; 31.34; 1.77042
1440; 28; 31.37; 1.77288
1450; 28; 31.34; 1.74482
1460; 28; 31.41; 1.78379
1470; 27; 31.425; 1.78448
1480; 28; 31.37; 1.73871
1490; 27; 31.49; 1.71461
1500; 28; 31.6; 1.50997
1510; 28; 31.235; 1.95442
1520; 27; 31.445; 1.84309
1530; 26; 31.025; 2.05776
1531; 26; 31.025; 2.05776
gen; best; avg; dev
0; 32; 34.025; 0.89687
0; 32; 33.725; 0.882822
10; 31; 33.38; 1.05148
20; 30; 33.145; 1.36161
30; 29; 33.145; 1.44706
40; 29; 33.225; 1.27451
50; 30; 33.155; 1.158
60; 31; 33.285; 1.02654
70; 30; 33.08; 1.19733
80; 30; 32.985; 1.34342
90; 31; 33.07; 1.21041
100; 29; 32.745; 1.60311
110; 29; 33.06; 1.24354
120; 30; 33.075; 1.18717
130; 30; 32.995; 1.25896
140; 30; 32.735; 1.38736
150; 30; 32.72; 1.44278
160; 29; 32.805; 1.41668
170; 30; 32.455; 1.58681
180; 30; 32.7; 1.34164
190; 29; 32.555; 1.55788
200; 30; 32.54; 1.55512
210; 30; 32.625; 1.28623
220; 30; 32.55; 1.33323
230; 29; 32.275; 1.56824
240; 30; 32.325; 1.51307
250; 29; 32.47; 1.44883
260; 28; 32.165; 1.87557
270; 28; 32.375; 1.45409
280; 29; 32.435; 1.31749
290; 29; 32.275; 1.50976
300; 29; 32.15; 1.52889
310; 29; 32.555; 1.26767
320; 30; 32.415; 1.19699
330; 29; 32.295; 1.31072
340; 29; 32.265; 1.49826
350; 28; 32.315; 1.39132
360; 28; 32.025; 1.63229
370; 29; 32.295; 1.31072
380; 30; 32.265; 1.27074
390; 30; 32.245; 1.25099
400; 29; 32.255; 1.23692
410; 28; 32.05; 1.49248
420; 29; 32.225; 1.28233
430; 29; 32.105; 1.23854
440; 29; 32.06; 1.46164
450; 28; 31.7; 1.6
460; 27; 31.685; 1.86702
470; 27; 31.86; 1.67344
480; 28; 32.085; 1.50923
490; 28; 31.69; 1.79274
500; 29; 32.06; 1.5318
510; 28; 31.855; 1.66852
520; 28; 31.69; 1.74754
530; 27; 31.665; 1.86622
540; 27; 31.585; 1.92426
550; 29; 31.9; 1.57797
560; 28; 31.795; 1.70087
570; 28; 31.715; 1.74177
580; 28; 31.76; 1.65904
590; 27; 31.695; 1.73838
600; 27; 31.815; 1.60959
610; 27; 31.9; 1.63095
620; 26; 31.575; 1.90115
630; 26; 31.35; 2.17428
640; 27; 31.605; 1.93881
650; 26; 32.035; 1.63517
660; 28; 31.68; 1.69929
670; 28; 31.73; 1.82129
680; 27; 31.74; 1.69186
690; 28; 31.58; 1.90095
700; 27; 31.66; 1.81505
710; 28; 31.725; 1.77746
720; 28; 31.42; 1.91405
730; 27; 31.21; 2.21041
740; 28; 31.4; 1.772
750; 28; 31.66; 1.53114
760; 28; 31.425; 1.71883
770; 28; 31.55; 1.73997
780; 27; 31.655; 1.65105
790; 28; 31.835; 1.45869
800; 27; 31.47; 1.86255
810; 26; 31.16; 2.27473
820; 26; 31.8; 1.56205
830; 28; 31.65; 1.55161
840; 28; 31.535; 1.73458
850; 28; 31.52; 1.81373
860; 28; 31.645; 1.56172
870; 28; 31.8; 1.36748
880; 26; 31.41; 1.97025
890; 27; 31.48; 1.87072
900; 27; 31.235; 2.02479
910; 27; 31.47; 1.84637
920; 28; 31.7; 1.5906
930; 28; 31.825; 1.61381
940; 29; 31.92; 1.47431
950; 28; 31.735; 1.53127
960; 29; 31.715; 1.53746
970; 28; 31.555; 1.67838
980; 29; 31.58; 1.61666
990; 28; 31.67; 1.61898
1000; 29; 31.67; 1.67365
1010; 28; 31.535; 1.6819
1020; 27; 31.705; 1.60249
1030; 27; 31.48; 1.80266
1040; 27; 31.3; 1.93132
1050; 28; 31.575; 1.59824
1060; 28; 31.555; 1.59279
1070; 28; 31.57; 1.65985
1080; 27; 31.365; 1.91358
1090; 28; 31.48; 1.72325
1100; 27; 31.44; 1.95356
1110; 27; 31.395; 1.94138
1120; 27; 31.54; 1.79677
1130; 26; 31.015; 2.18284
1140; 26; 31.065; 2.13325
1150; 27; 31.53; 1.57769
1160; 27; 31.045; 2.1984
1170; 25; 30.865; 2.60898
1180; 25; 31.025; 2.36313
1190; 26; 30.87; 2.31368
1200; 28; 31.77; 1.51891
1210; 28; 31.445; 1.84851
1220; 28; 31.675; 1.64905
1230; 28; 31.465; 1.82175
1240; 27; 31.44; 1.88849
1250; 28; 31.75; 1.56764
1260; 27; 31.295; 1.95396
1270; 28; 31.49; 1.79162
1280; 27; 31.3; 2.00499
1290; 28; 31.655; 1.70469
1300; 27; 31.255; 2.0445
1310; 27; 31.345; 1.96112
1320; 27; 31.51; 1.88942
1330; 28; 31.425; 1.82603
1340; 26; 31.065; 2.33897
1350; 27; 31.25; 2.05852
1360; 28; 31.57; 1.67484
1370; 27; 31.5; 1.86279
1380; 27; 31.535; 1.86246
1390; 28; 31.62; 1.59549
1400; 27; 31.495; 1.69115
1410; 28; 31.55; 1.70514
1420; 28; 31.56; 1.60823
1430; 27; 31.16; 2.0011
1440; 27; 31.435; 1.85358
1450; 28; 31.595; 1.47342
1460; 28; 31.34; 1.79287
1470; 28; 31.43; 1.75074
1480; 26; 31.28; 1.9083
1490; 28; 31.465; 1.88382
1500; 28; 31.645; 1.658
1510; 27; 31.66; 1.66565
1520; 26; 31.69; 1.77592
1530; 27; 31.21; 1.98391
1534; 27; 31.245; 1.98115
gen; best; avg; dev
0; 30; 33.875; 0.969214
0; 30; 33.66; 0.929731
10; 30; 33.095; 1.27905
20; 30; 33.055; 1.53687
30; 30; 33.135; 1.17336
40; 28; 32.955; 1.59153
50; 29; 33.11; 1.29534
60; 29; 33.03; 1.3708
70; 29; 32.87; 1.47075
80; 29; 32.84; 1.48809
90; 30; 32.97; 1.43496
100; 30; 32.975; 1.36175
110; 30; 32.89; 1.34458
120; 30; 32.7; 1.46969
130; 29; 32.695; 1.47715
140; 30; 32.76; 1.40086
150; 30; 32.96; 1.39943
160; 29; 32.365; 1.87397
170; 29; 32.48; 1.79711
180; 28; 32.335; 1.93204
190; 29; 32.72; 1.55293
200; 30; 32.67; 1.57515
210; 28; 32.225; 1.97595
220; 29; 32.575; 1.71008
230; 28; 32.58; 1.73597
240; 27; 32.165; 2.07311
250; 29; 32.59; 1.52049
260; 29; 32.38; 1.6296
270; 29; 32.36; 1.5781
280; 28; 32.085; 1.71399
290; 28; 32.14; 1.78056
300; 28; 32.09; 1.75553
310; 28; 32.17; 1.67066
320; 28; 31.95; 2.01432
330; 28; 32.215; 1.59021
340; 28; 32.19; 1.7561
350; 28; 31.945; 1.86868
360; 28; 32.04; 1.71126
370; 28; 32.03; 1.9259
380; 29; 32.4; 1.50333
390; 29; 32.405; 1.43212
400; 29; 32.35; 1.48913
410; 29; 32.205; 1.63186
420; 29; 32.5; 1.45945
430; 29; 32.055; 1.72394
440; 28; 32.06; 1.8211
450; 28; 32.05; 1.84323
460; 28; 32.075; 1.82466
470; 28; 31.755; 2.00374
480; 27; 31.575; 2.18045
490; 29; 32.085; 1.78823
500; 28; 32.08; 1.75886
510; 27; 31.775; 1.86397
520; 27; 32.02; 1.65517
530; 27; 31.65; 2.18346
540; 27; 31.55; 2.28199
550; 27; 31.52; 2.15629
560; 27; 31.9; 1.63401
570; 28; 31.98; 1.64609
580; 27; 31.745; 1.89208
590; 28; 31.74; 1.9602
600; 27; 32.005; 1.88015
610; 28; 32.065; 1.77786
620; 28; 32.04; 1.66385
630; 28; 32.02; 1.62776
640; 28; 31.985; 1.72765
650; 27; 32; 1.61555
660; 27; 31.78; 1.75829
670; 28; 32.025; 1.56983
680; 29; 31.985; 1.49492
690; 29; 31.985; 1.52144
700; 28; 31.84; 1.7362
710; 29; 31.795; 1.71259
720; 28; 31.755; 1.63248
730; 28; 31.825; 1.55704
740; 27; 31.545; 1.8942
750; 29; 31.835; 1.53876
760; 28; 31.615; 1.78515
770; 28; 31.5; 1.82757
780; 29; 31.515; 1.76346
790; 28; 31.295; 2.02928
800; 28; 31.61; 1.63337
810; 29; 31.635; 1.60055
820; 28; 31.51; 1.79997
830; 27; 31.345; 1.94061
840; 25; 31.335; 2.3006
850; 27; 31.695; 1.74985
860; 27; 31.485; 1.79437
870; 27; 31.42; 1.9959
880; 27; 31.14; 2.22495
890; 26; 31.255; 2.25166
900; 28; 31.72; 1.76681
910; 27; 31.715; 1.7099
920; 27; 31.69; 1.7731
930; 28; 31.905; 1.35498
940; 28; 31.71; 1.5511
950; 28; 31.86; 1.45272
960; 28; 31.71; 1.56713
970; 29; 31.745; 1.4866
980; 29; 31.735; 1.38736
990; 28; 31.535; 1.53583
1000; 28; 31.55; 1.54839
1010; 28; 31.525; 1.62153
1020; 28; 31.58; 1.56959
1030; 26; 31.47; 1.71729
1040; 29; 31.645; 1.40676
1050; 27; 31.57; 1.48159
1060; 28; 31.755; 1.32852
1070; 28; 31.355; 1.7085
1080; 28; 31.355; 1.82729
1090; 28; 31.785; 1.59649
1100; 28; 31.16; 1.91948
1110; 28; 31.51; 1.54916
1120; 28; 31.49; 1.59371
1130; 28; 31.505; 1.68522
1140; 26; 31.08; 2.04783
1150; 28; 31.59; 1.58174
1160; 27; 31.365; 1.79771
1170; 24; 30.88; 2.69733
1180; 25; 31.3; 2.0347
1190; 27; 31.36; 1.83314
1200; 29; 31.49; 1.54593
1210; 28; 31.365; 1.64978
1220; 28; 31.53; 1.52941
1230; 28; 31.455; 1.73147
1240; 26; 31.28; 1.76114
1250; 28; 31.385; 1.56741
1260; 27; 31.46; 1.63658
1270; 28; 31.37; 1.57261
1280; 27; 31.405; 1.60965
1290; 27; 31.24; 1.71825
1300; 28; 31.34; 1.62616
1310; 27; 31.265; 1.68071
1320; 28; 31.395; 1.56492
1330; 26; 31.005; 2.13658
1340; 27; 31.355; 1.83548
1350; 28; 31.6; 1.50665
1360; 28; 31.5; 1.64621
1370; 28; 31.41; 1.74697
1380; 27; 31.46; 1.5995
1390; 27; 31.42; 1.73597
1400; 27; 31.525; 1.63382
1410; 28; 31.54; 1.56154
1420; 26; 31.11; 2.00945
1430; 27; 31.44; 1.68713
1440; 28; 31.57; 1.57642
1450; 28; 31.31; 1.70994
1460; 27; 31.395; 1.7085
1470; 28; 31.275; 1.74051
1480; 28; 31.325; 1.83286
1490; 28; 31.405; 1.70029
1500; 28; 31.3; 1.81659
1510; 28; 31.335; 1.74722
1520; 27; 31.01; 2.11658
1529; 28; 31.64; 1.59072
gen; best; avg; dev
0; 31; 34.025; 0.879986
0; 31; 33.615; 0.998386
10; 31; 33.47; 1.10413
20; 29; 33.04; 1.56474
30; 30; 33.175; 1.44374
40; 29; 32.8; 1.84391
50; 30; 33.205; 1.37585
60; 29; 33.025; 1.5081
70; 30; 33.1; 1.24097
80; 30; 33.22; 1.13649
90; 29; 33.035; 1.40847
100; 29; 32.82; 1.42042
110; 30; 33.005; 1.21449
120; 30; 32.88; 1.21062
130; 28; 32.735; 1.35454
140; 29; 32.51; 1.51984
150; 30; 32.635; 1.30452
160; 29; 32.475; 1.39261
170; 28; 32.16; 1.90903
180; 28; 32.49; 1.61552
190; 28; 32.53; 1.42095
200; 28; 32.14; 1.83041
210; 29; 32.515; 1.39634
220; 28; 32.06; 1.92
230; 29; 32.445; 1.49231
240; 29; 32.125; 1.63993
250; 27; 31.865; 2.08009
260; 26; 31.83; 2.30458
270; 26; 32.005; 1.98115
280; 29; 31.985; 1.65975
290; 29; 32.07; 1.64776
300; 27; 31.61; 1.91518
310; 27; 32.045; 1.68017
320; 29; 31.995; 1.47817
330; 28; 31.9; 1.59374
340; 29; 32.02; 1.57785
350; 29; 32.41; 1.32737
360; 28; 32.26; 1.55962
370; 29; 32.09; 1.5106
380; 29; 32.18; 1.49251
390; 28; 31.95; 1.64241
400; 29; 32.04; 1.65481
410; 28; 32.19; 1.45736
420; 28; 31.955; 1.72133
430; 28; 31.7; 2.01494
440; 26; 31.885; 2.01786
450; 28; 32.01; 1.56841
460; 27; 32.135; 1.52538
470; 28; 31.875; 1.97215
480; 28; 31.65; 2.02423
490; 27; 31.225; 2.2615
500; 26; 31.26; 2.62343
510; 25; 30.97; 2.89121
520; 26; 31.665; 2.02059
530; 26; 31.655; 1.86975
540; 26; 31.735; 2.08441
550; 26; 31.525; 2.19758
560; 26; 31.18; 2.39115
570; 26; 31.27; 2.42427
580; 26; 31.34; 2.33547
590; 26; 31.535; 1.99469
600; 26; 31.695; 1.98796
610; 28; 31.53; 1.91288
620; 26; 31.39; 1.9047
630; 27; 31.315; 2.0238
640; 27; 31.59; 1.72392
650; 27; 31.85; 1.43091
660; 27; 31.675; 1.67014
670; 27; 31.48; 1.96967
680; 27; 31.515; 1.87077
690; 26; 31.455; 2.00698
700; 27; 31.4; 2.04206
710; 27; 31.395; 2.05401
720; 27; 31.355; 1.97711
730; 26; 31.37; 2.38602
740; 26; 31.57; 2.32058
750; 26; 31.74; 2.14299
760; 25; 31.49; 2.43308
770; 26; 31.46; 2.19964
780; 27; 31.835; 1.68457
790; 29; 31.99; 1.47983
800; 29; 31.79; 1.51852
810; 28; 31.73; 1.62083
820; 28; 31.975; 1.58252
830; 28; 31.77; 1.7138
840; 28; 31.545; 1.84065
850; 28; 31.79; 1.58616
860; 28; 32.155; 1.42863
870; 28; 31.85; 1.65454
880; 27; 31.93; 1.66886
890; 29; 32.035; 1.68635
900; 27; 31.705; 1.80499
910; 29; 32; 1.60312
920; 29; 31.785; 1.72301
930; 28; 31.4; 2.23383
940; 28; 31.72; 1.80044
950; 27; 31.645; 1.74613
960; 26; 31.18; 2.31681
970; 26; 31.4; 2.05183
980; 28; 31.635; 1.72098
990; 27; 31.375; 1.96071
1000; 28; 31.47; 1.81909
1010; 27; 31.545; 1.67868
1020; 29; 31.485; 1.64614
1030; 29; 31.435; 1.72504
1040; 28; 31.485; 1.77758
1050; 27; 31.325; 2.09747
1060; 27; 31.65; 1.64241
1070; 27; 31.605; 1.78577
1080; 27; 31.15; 2.13717
1090; 27; 31.395; 2.07821
1100; 27; 31.53; 1.95425
1110; 28; 31.575; 1.76476
1120; 27; 31.615; 1.73112
1130; 27; 31.39; 1.86759
1140; 29; 31.785; 1.54233
1150; 29; 31.695; 1.51393
1160; 28; 31.715; 1.61362
1170; 27; 31.84; 1.49144
1180; 29; 31.87; 1.39395
1190; 28; 31.865; 1.40953
1200; 28; 31.58; 1.57594
1210; 27; 31.67; 1.67961
1220; 28; 31.695; 1.7123
1230; 29; 31.675; 1.54252
1240; 28; 31.575; 1.713
1250; 28; 31.725; 1.55222
1260; 27; 31.685; 1.53811
1270; 27; 31.64; 1.61258
1280; 27; 31.655; 1.60498
1290; 28; 31.63; 1.52417
1300; 28; 31.58; 1.5632
1310; 28; 31.31; 1.77028
1320; 29; 31.695; 1.43247
1330; 26; 31.265; 1.89862
1340; 27; 31.35; 1.72844
1350; 27; 31.42; 1.75317
1360; 28; 31.365; 1.74979
1370; 29; 31.675; 1.49311
1380; 28; 31.1; 1.83576
1390; 28; 31.345; 1.728
1400; 27; 31.37; 1.73006
1410; 28; 31.505; 1.56204
1420; 27; 31.23; 1.91758
1430; 28; 31.43; 1.55406
1440; 29; 31.76; 1.28546
1450; 29; 31.55; 1.5025
1460; 28; 31.58; 1.64426
1470; 28; 31.355; 1.86788
1480; 28; 31.405; 1.99774
1490; 29; 31.62; 1.69871
1500; 29; 31.74; 1.6439
1510; 27; 31.605; 1.81355
1520; 27; 31.89; 1.69938
1530; 28; 31.815; 1.78907
1537; 28; 31.945; 1.67092
gen; best; avg; dev
0; 31; 33.98; 1.00975
0; 31; 33.755; 1.00248
10; 30; 33.01; 1.45599
20; 31; 33.1; 1.28841
30; 30; 33.07; 1.3248
40; 28; 33.075; 1.33393
50; 30; 32.94; 1.38434
60; 30; 32.955; 1.29344
70; 30; 32.88; 1.48513
80; 30; 32.92; 1.4084
90; 30; 33.145; 1.35055
100; 29; 32.8; 1.47986
110; 29; 32.865; 1.50558
120; 31; 33.02; 1.20399
130; 30; 32.81; 1.47102
140; 30; 33.02; 1.22866
150; 30; 32.73; 1.40609
160; 30; 32.785; 1.35601
170; 29; 32.65; 1.54515
180; 29; 32.81; 1.42615
190; 29; 32.61; 1.63337
200; 30; 32.61; 1.36671
210; 30; 32.62; 1.46479
220; 30; 32.665; 1.31635
230; 29; 32.705; 1.32211
240; 30; 32.74; 1.28546
250; 29; 32.515; 1.5165
260; 28; 32.47; 1.58717
270; 27; 32.225; 1.77042
280; 28; 32.36; 1.55255
290; 29; 32.535; 1.41731
300; 29; 32.325; 1.60293
310; 29; 32.295; 1.39211
320; 28; 32.37; 1.29734
330; 29; 31.98; 1.64609
340; 28; 32.005; 1.63248
350; 27; 32.335; 1.53061
360; 27; 32.1; 1.49666
370; 29; 32.07; 1.51826
380; 29; 32.305; 1.44982
390; 29; 32.31; 1.42965
400; 26; 32.035; 1.94005
410; 29; 32.245; 1.59216
420; 28; 32.285; 1.57282
430; 28; 32.135; 1.57695
440; 27; 32.12; 1.72209
450; 28; 32.085; 1.82422
460; 27; 31.55; 2.3659
470; 27; 31.945; 1.92145
480; 28; 32.13; 1.8366
490; 27; 32.045; 1.91389
500; 28; 32.265; 1.71895
510; 26; 31.625; 2.30529
520; 27; 31.93; 1.95579
530; 26; 31.845; 2.10736
540; 25; 31.755; 2.13658
550; 27; 31.54; 2.15137
560; 28; 31.805; 1.72539
570; 27; 31.675; 2.01479
580; 28; 31.97; 1.67006
590; 27; 31.695; 1.84444
600; 28; 31.8; 1.65831
610; 26; 31.605; 2.01469
620; 27; 31.975; 1.6076
630; 27; 31.24; 2.29617
640; 26; 31.35; 2.31463
650; 27; 31.81; 1.91152
660; 28; 31.53; 1.97208
670; 28; 31.845; 1.95729
680; 27; 31.43; 2.11544
690; 27; 31.55; 2.08507
700; 27; 31.57; 1.92226
710; 27; 31.67; 1.92382
720; 27; 31.805; 1.82126
730; 27; 31.62; 1.96357
740; 28; 31.81; 1.64131
750; 27; 31.465; 1.88382
760; 28; 31.89; 1.57413
770; 28; 31.57; 1.70737
780; 28; 31.635; 1.80327
790; 28; 31.51; 1.88146
800; 28; 31.71; 1.63887
810; 27; 31.485; 1.82202
820; 26; 31.93; 1.50502
830; 28; 31.7; 1.56525
840; 28; 31.69; 1.62293
850; 28; 31.45; 1.72844
860; 28; 31.695; 1.53362
870; 28; 31.43; 1.63557
880; 28; 31.55; 1.58981
890; 28; 31.59; 1.60371
900; 28; 31.65; 1.53867
910; 27; 31.565; 1.63272
920; 28; 31.455; 1.70528
930; 29; 31.63; 1.54049
940; 28; 31.385; 1.79075
950; 28; 31.67; 1.48361
960; 28; 31.57; 1.61403
970; 29; 31.69; 1.43663
980; 29; 31.605; 1.38166
990; 29; 31.665; 1.38664
1000; 29; 31.59; 1.40068
1010; 28; 31.615; 1.48215
1020; 28; 31.41; 1.73548
1030; 27; 31.65; 1.64545
1040; 27; 31.285; 1.94005
1050; 26; 31.205; 1.99824
1060; 27; 31.295; 1.79108
1070; 27; 31.255; 2.02237
1080; 28; 31.505; 1.64316
1090; 29; 31.865; 1.40953
1100; 27; 31.475; 1.81642
1110; 28; 31.62; 1.76794
1120; 28; 31.525; 1.86799
1130; 28; 31.675; 1.67612
1140; 28; 31.725; 1.49645
1150; 28; 31.555; 1.75698
1160; 28; 31.395; 1.78857
1170; 26; 31.305; 2.07412
1180; 27; 31.52; 1.78595
1190; 29; 31.67; 1.52023
1200; 28; 31.55; 1.59609
1210; 28; 31.475; 1.52295
1220; 28; 31.59; 1.43593
1230; 28; 31.345; 1.50532
1240; 29; 31.625; 1.36175
1250; 29; 31.49; 1.45599
1260; 27; 31.58; 1.6594
1270; 28; 31.42; 1.78426
1280; 27; 31.34; 1.85051
1290; 27; 31.425; 1.77606
1300; 28; 31.51; 1.6852
1310; 27; 31.205; 1.78969
1320; 28; 31.53; 1.56496
1330; 27; 31.375; 1.872
1340; 27; 31.43; 1.73352
1350; 27; 31.35; 1.72554
1360; 27; 31.25; 1.94615
1370; 29; 31.635; 1.39348
1380; 29; 31.465; 1.55202
1390; 28; 31.28; 1.75545
1400; 27; 31.27; 1.84854
1410; 28; 31.43; 1.63863
1420; 29; 31.555; 1.49899
1430; 29; 31.49; 1.6852
1440; 28; 31.55; 1.49583
1450; 29; 31.335; 1.62258
1460; 28; 31.735; 1.49826
1470; 28; 31.36; 1.79176
1480; 27; 31.23; 1.95118
1490; 28; 31.495; 1.772
1500; 28; 31.47; 1.64289
1510; 28; 31.345; 1.728
1520; 27; 31.34; 1.78449
1530; 25; 31.38; 1.79878
gen; best; avg; dev
0; 31; 33.955; 1.00149
0; 31; 33.645; 1.09498
10; 30; 32.91; 1.56585
20; 30; 33.205; 1.27003
30; 30; 32.935; 1.39312
40; 30; 32.905; 1.54142
50; 30; 32.92; 1.38694
60; 30; 32.86; 1.47323
70; 30; 32.885; 1.41484
80; 30; 32.955; 1.29344
90; 29; 32.805; 1.38816
100; 29; 32.605; 1.69675
110; 30; 32.97; 1.26456
120; 29; 32.93; 1.25503
130; 30; 32.705; 1.38852
140; 30; 32.605; 1.49966
150; 31; 32.82; 1.19063
160; 31; 32.635; 1.33483
170; 30; 32.56; 1.4375
180; 30; 32.7; 1.31149
190; 30; 32.44; 1.41294
200; 29; 32.665; 1.27388
210; 30; 32.605; 1.30345
220; 30; 32.65; 1.29904
230; 29; 32.67; 1.32706
240; 29; 32.33; 1.54632
250; 28; 32.115; 1.77814
260; 28; 31.87; 2.00577
270; 28; 32.255; 1.61244
280; 28; 32.235; 1.59993
290; 28; 32.06; 1.7339
300; 28; 32.245; 1.62018
310; 29; 32.34; 1.37637
320; 28; 31.875; 2.07108
330; 28; 32.495; 1.4142
340; 29; 32.015; 1.78739
350; 29; 32.28; 1.42183
360; 29; 32.38; 1.33626
370; 30; 32.42; 1.28203
380; 31; 32.425; 1.26664
390; 30; 32.58; 1.40485
400; 27; 32.005; 1.78465
410; 29; 32.395; 1.43839
420; 29; 32.11; 1.42755
430; 29; 32.175; 1.63535
440; 29; 32.325; 1.38542
450; 29; 32.315; 1.3805
460; 29; 32.07; 1.55727
470; 29; 31.995; 1.55723
480; 29; 32.12; 1.40556
490; 29; 31.99; 1.46284
500; 29; 31.925; 1.48976
510; 28; 31.755; 1.68374
520; 27; 31.66; 1.8451
530; 29; 32.015; 1.57949
540; 28; 31.92; 1.64122
550; 28; 31.9; 1.82483
560; 29; 31.97; 1.59346
570; 27; 31.895; 1.7158
580; 28; 31.82; 1.67857
590; 28; 31.8; 1.72337
600; 27; 31.7; 1.93132
610; 27; 32.105; 1.56652
620; 28; 32.14; 1.59072
630; 28; 32.015; 1.52144
640; 28; 31.805; 1.69911
650; 27; 31.58; 1.89568
660; 27; 31.77; 1.7627
670; 28; 31.77; 1.63006
680; 29; 31.895; 1.53752
690; 28; 31.82; 1.66661
700; 29; 32.055; 1.42547
710; 28; 31.71; 1.57032
720; 27; 31.8; 1.67929
730; 27; 31.385; 1.86193
740; 27; 31.325; 1.87333
750; 27; 31.615; 1.65129
760; 28; 31.525; 1.5746
770; 27; 31.34; 1.86129
780; 27; 31.205; 1.94756
790; 28; 31.28; 1.80599
800; 27; 31.265; 1.8801
810; 28; 31.725; 1.45924
820; 27; 31.615; 1.62996
830; 29; 31.61; 1.6087
840; 27; 31.265; 1.92738
850; 27; 31.375; 2.07711
860; 27; 31.565; 1.70756
870; 28; 31.525; 1.68504
880; 27; 31.57; 1.6233
890; 26; 31.56; 1.67821
900; 28; 31.445; 1.68433
910; 28; 31.715; 1.3652
920; 29; 31.665; 1.35749
930; 27; 31.515; 1.57473
940; 29; 31.925; 1.25275
950; 29; 31.55; 1.49583
960; 27; 31.535; 1.64887
970; 29; 31.865; 1.34044
980; 27; 31.44; 1.8375
990; 27; 31.355; 1.87323
1000; 27; 31.455; 1.81052
1010; 28; 31.35; 1.78536
1020; 28; 31.355; 1.76889
1030; 27; 31.585; 1.62258
1040; 27; 31.63; 1.57579
1050; 28; 31.64; 1.61567
1060; 28; 31.695; 1.55948
1070; 29; 31.62; 1.47838
1080; 28; 31.63; 1.5143
1090; 28; 31.635; 1.60679
1100; 27; 31.435; 1.73083
1110; 27; 31.79; 1.72218
1120; 28; 31.44; 1.79343
1130; 27; 31.355; 1.94396
1140; 25; 31.325; 2.10461
1150; 27; 31.26; 2.07904
1160; 27; 31.205; 2.02311
1170; 26; 31.575; 1.72753
1180; 29; 31.555; 1.70205
1190; 28; 31.77; 1.80751
1200; 28; 31.215; 1.93876
1210; 27; 31.49; 1.84659
1220; 27; 31.325; 1.88132
1230; 27; 31.295; 1.98443
1240; 28; 31.455; 1.68759
1250; 28; 31.285; 1.73025
1260; 28; 31.305; 1.77256
1270; 27; 31.62; 1.6296
1280; 27; 31.395; 1.77454
1290; 28; 31.44; 1.63291
1300; 30; 31.815; 1.31938
1310; 28; 31.615; 1.51881
1320; 26; 31.19; 1.96314
1330; 27; 31.695; 1.40071
1340; 29; 31.865; 1.29876
1350; 29; 31.685; 1.37687
1360; 29; 31.475; 1.61845
1370; 28; 31.455; 1.68463
1380; 29; 31.725; 1.45237
1390; 29; 31.755; 1.50498
1400; 27; 31.4; 1.83576
1410; 27; 31.32; 1.85408
1420; 29; 31.65; 1.4824
1430; 27; 31.625; 1.64146
1440; 27; 31.415; 1.78963
1450; 28; 31.705; 1.64255
1460; 27; 31.395; 1.89182
1470; 28; 31.39; 1.76859
1480; 28; 31.595; 1.55916
1490; 28; 31.91; 1.41841
1500; 29; 31.74; 1.49746
1510; 27; 31.515; 1.83024
1520; 28; 31.64; 1.44928
1530; 28; 31.69; 1.46762
1538; 29; 31.85; 1.33323
gen; best; avg; dev
0; 31; 33.97; 0.916024
0; 31; 33.67; 0.922551
10; 31; 33.43; 1.08402
20; 31; 33.23; 1.19461
30; 31; 33.375; 1.18506
40; 31; 33.325; 1.10877
50; 31; 33.355; 1.13533
60; 31; 33.255; 1.14454
70; 31; 33.17; 1.29271
80; 31; 33.335; 1.11927
90; 31; 33.25; 1.18638
100; 30; 33.195; 1.12115
110; 31; 33.205; 1.04545
120; 30; 33.065; 1.16652
130; 30; 32.97; 1.20793
140; 29; 32.865; 1.26364
150; 29; 32.75; 1.4344
160; 29; 32.525; 1.59354
170; 29; 32.45; 1.62711
180; 28; 32.44; 1.80178
190; 28; 32.425; 1.80952
200; 28; 32.69; 1.39424
210; 29; 32.615; 1.39527
220; 29; 32.42; 1.62899
230; 29; 32.485; 1.55556
240; 29; 32.21; 1.79608
250; 29; 32.46; 1.4589
260; 28; 32.205; 1.89287
270; 29; 32.12; 1.86698
280; 28; 32.115; 1.73833
290; 29; 32.12; 1.60487
300; 28; 32.23; 1.79641
310; 27; 31.83; 2.12629
320; 29; 32.315; 1.36593
330; 29; 32.135; 1.63609
340; 29; 32.21; 1.583
350; 28; 32.065; 1.89229
360; 28; 31.785; 1.96946
370; 27; 31.84; 2.0939
380; 28; 32.26; 1.68
390; 28; 32.18; 1.79098
400; 25; 31.785; 2.17457
410; 26; 31.755; 2.12955
420; 27; 31.97; 1.87859
430; 27; 31.735; 2.30538
440; 27; 31.525; 2.27582
450; 27; 31.83; 1.86577
460; 28; 31.555; 1.9867
470; 28; 31.825; 1.67164
480; 29; 31.93; 1.62945
490; 28; 31.785; 1.77729
500; 29; 31.89; 1.60247
510; 27; 31.88; 1.63878
520; 27; 31.83; 1.71205
530; 27; 31.81; 1.63521
540; 28; 31.61; 1.82151
550; 29; 31.97; 1.49302
560; 28; 32.015; 1.48821
570; 28; 32.005; 1.63554
580; 27; 32.07; 1.71029
590; 27; 31.485; 2.18398
600; 28; 31.955; 1.85822
610; 27; 31.75; 1.75713
620; 27; 31.25; 2.12309
630; 27; 31.7; 1.98242
640; 26; 31.62; 2.13673
650; 27; 31.855; 1.71871
660; 28; 31.44; 2.0631
670; 28; 31.61; 1.97431
680; 28; 31.595; 1.90813
690; 27; 31.405; 2.18197
700; 27; 31.5; 1.98494
710; 26; 31.31; 2.31385
720; 26; 31.545; 2.0562
730; 25; 31.43; 2.39063
740; 27; 31.885; 1.70346
750; 26; 31.305; 2.3435
760; 27; 31.565; 2.20812
770; 27; 31.3; 2.25389
780; 28; 31.57; 1.97613
790; 27; 31.565; 2.07263
800; 26; 31.33; 2.18657
810; 27; 31.76; 1.83913
820; 27; 31.15; 2.30597
830; 27; 31.25; 2.15116
840; 27; 31.255; 2.21359
850; 27; 31.815; 1.68546
860; 27; 31.715; 1.84222
870; 27; 31.59; 1.77254
880; 28; 31.735; 1.56358
890; 28; 31.625; 1.72753
900; 27; 31.475; 1.88663
910; 27; 31.91; 1.56585
920; 28; 31.75; 1.56125
930; 28; 31.58; 1.72441
940; 27; 31.25; 2.10891
950; 27; 31.475; 1.88132
960; 29; 31.76; 1.52722
970; 29; 31.76; 1.62862
980; 29; 32.12; 1.31362
990; 28; 31.7; 1.65529
1000; 29; 31.605; 1.66102
1010; 28; 31.42; 1.94515
1020; 27; 31.195; 2.37634
1030; 28; 31.485; 1.84385
1040; 29; 31.895; 1.3168
1050; 29; 32.03; 1.36715
1060; 29; 31.92; 1.5012
1070; 29; 31.765; 1.6522
1080; 28; 31.64; 1.80842
1090; 29; 31.8; 1.59374
1100; 28; 31.64; 1.75511
1110; 27; 31.71; 1.64192
1120; 27; 31.66; 1.65058
1130; 27; 31.605; 1.82455
1140; 28; 31.88; 1.58921
1150; 29; 31.61; 1.62724
1160; 27; 31.47; 1.90502
1170; 27; 31.685; 1.5798
1180; 29; 31.575; 1.60137
1190; 26; 31.735; 1.63853
1200; 29; 31.885; 1.48046
1210; 29; 31.86; 1.43889
1220; 28; 31.49; 1.72913
1230; 28; 31.57; 1.78748
1240; 27; 31.38; 1.80155
1250; 28; 31.385; 1.94853
1260; 27; 31.465; 1.79966
1270; 27; 31.425; 1.65662
1280; 27; 31.32; 1.83238
1290; 27; 31.185; 1.88435
1300; 27; 31.08; 2.04539
1310; 27; 31.47; 1.7802
1320; 27; 31.055; 2.22081
1330; 27; 31.61; 1.67568
1340; 27; 31.62; 1.64183
1350; 26; 31.14; 2.27165
1360; 26; 31.45; 1.93326
1370; 26; 31.37; 2.00577
1380; 27; 31.475; 1.82466
1390; 26; 31.455; 1.85687
1400; 26; 31.07; 2.16912
1410; 26; 31.355; 1.80249
1420; 27; 31.335; 1.75293
1430; 29; 31.525; 1.53928
1440; 28; 31.445; 1.67242
1450; 27; 31.275; 1.91556
1460; 28; 31.565; 1.55106
1470; 27; 31.7; 1.63095
1480; 28; 31.53; 1.45227
1490; 28; 31.49; 1.59997
1500; 26; 31.595; 1.61275
1510; 27; 31.46; 1.76023
1520; 29; 31.515; 1.50989
1530; 28; 31.395; 1.58081
1533; 28; 31.54; 1.58695
gen; best; avg; dev
0; 31; 33.96; 0.96871
0; 31; 33.755; 0.940731
10; 30; 33.125; 1.3036
20; 31; 33.24; 1.20516
30; 30; 33.12; 1.45107
40; 30; 32.965; 1.40135
50; 29; 32.815; 1.52996
60; 29; 32.995; 1.38743
70; 30; 32.845; 1.59718
80; 30; 32.885; 1.40776
90; 30; 32.93; 1.38387
100; 30; 33.135; 1.16481
110; 29; 33.125; 1.27647
120; 29; 32.98; 1.42113
130; 30; 32.805; 1.43422
140; 30; 32.525; 1.65208
150; 29; 32.67; 1.4564
160; 29; 32.815; 1.3382
170; 29; 32.7; 1.28062
180; 29; 32.53; 1.52941
190; 29; 32.515; 1.4247
200; 29; 32.65; 1.32193
210; 29; 32.435; 1.47844
220; 29; 32.48; 1.35632
230; 30; 32.36; 1.37855
240; 30; 32.395; 1.44187
250; 29; 32.28; 1.50053
260; 29; 32.445; 1.39175
270; 28; 32.135; 1.79075
280; 29; 32.285; 1.3906
290; 29; 32.205; 1.57257
300; 29; 32.185; 1.47674
310; 28; 32.43; 1.49837
320; 28; 32.34; 1.39442
330; 29; 32.23; 1.39896
340; 29; 32.33; 1.31191
350; 29; 32.205; 1.30498
360; 29; 32.07; 1.39108
370; 29; 32.055; 1.4567
380; 29; 32; 1.39642
390; 29; 32.02; 1.3855
400; 29; 31.93; 1.51496
410; 29; 31.775; 1.62308
420; 28; 32.01; 1.50993
430; 26; 32.085; 1.57409
440; 29; 31.8; 1.64621
450; 29; 32.08; 1.43304
460; 29; 32.115; 1.35343
470; 28; 31.835; 1.6964
480; 27; 31.755; 1.82893
490; 29; 32.08; 1.41901
500; 28; 31.42; 2.11036
510; 28; 31.865; 1.6813
520; 27; 31.815; 1.69728
530; 27; 31.595; 1.87643
540; 28; 31.655; 1.75099
550; 28; 31.525; 1.76618
560; 26; 31.16; 2.14579
570; 27; 31.62; 1.95079
580; 27; 31.495; 1.94164
590; 27; 31.385; 1.98665
600; 27; 31.42; 1.98333
610; 26; 31.22; 2.28508
620; 27; 31.605; 1.74899
630; 27; 31.5; 1.76918
640; 28; 31.385; 1.82394
650; 28; 31.33; 1.91079
660; 27; 31.335; 1.90073
670; 28; 31.485; 1.61548
680; 28; 31.295; 1.9178
690; 27; 31.415; 1.82833
700; 28; 31.21; 2.04595
710; 25; 31.23; 2.01918
720; 27; 31.575; 1.75054
730; 27; 31.42; 1.91927
740; 28; 31.37; 1.78412
750; 27; 31.42; 1.75602
760; 27; 31.245; 1.89076
770; 28; 31.045; 1.86091
780; 28; 31.28; 1.81152
790; 28; 31.3; 1.8412
800; 27; 31.285; 1.89044
810; 26; 30.985; 2.11773
820; 27; 31.32; 1.79098
830; 28; 31.335; 1.71545
840; 28; 31.34; 1.85321
850; 28; 31.17; 1.91862
860; 28; 31.33; 1.74674
870; 27; 31.32; 1.85408
880; 28; 31.605; 1.62141
890; 29; 31.6; 1.51987
900; 28; 31.69; 1.59182
910; 26; 31.285; 1.93747
920; 27; 31.715; 1.64735
930; 27; 31.385; 1.73689
940; 28; 31.575; 1.61071
950; 28; 31.25; 1.84323
960; 27; 31.19; 1.95548
970; 27; 31.19; 2.07699
980; 24; 31.09; 2.22304
990; 27; 31.635; 1.53355
1000; 27; 31.13; 1.93471
1010; 28; 31.37; 1.70385
1020; 28; 31.545; 1.48256
1030; 27; 31.49; 1.8547
1040; 27; 31.455; 1.74585
1050; 26; 31.645; 1.70557
1060; 27; 31.545; 1.67868
1070; 28; 31.69; 1.59182
1080; 28; 31.35; 1.80762
1090; 26; 31.025; 2.13878
1100; 26; 31.315; 2.02627
1110; 27; 31.53; 1.69089
1120; 27; 31.38; 1.85892
1130; 27; 31.37; 1.96038
1140; 28; 31.525; 1.74911
1150; 28; 31.77; 1.40253
1160; 27; 31.475; 1.65511
1170; 28; 31.54; 1.57111
1180; 28; 31.62; 1.70458
1190; 28; 31.53; 1.58717
1200; 27; 31.39; 1.87294
1210; 28; 31.58; 1.61047
1220; 27; 31.15; 2.14184
1230; 27; 31.23; 1.99677
1240; 28; 31.535; 1.64584
1250; 28; 31.62; 1.66601
1260; 28; 31.525; 1.79705
1270; 28; 31.525; 1.81366
1280; 28; 31.45; 1.76847
1290; 28; 31.655; 1.66613
1300; 28; 31.65; 1.52561
1310; 28; 31.76; 1.48068
1320; 28; 32.025; 1.30934
1330; 28; 31.66; 1.61382
1340; 28; 31.635; 1.51055
1350; 29; 31.57; 1.56048
1360; 27; 31.47; 1.82458
1370; 27; 31.415; 1.78403
1380; 28; 31.695; 1.5238
1390; 27; 31.47; 1.76326
1400; 28; 31.615; 1.75692
1410; 28; 31.78; 1.49385
1420; 28; 31.47; 1.80253
1430; 27; 31.36; 1.9106
1440; 26; 31.34; 1.87734
1450; 28; 31.41; 1.8116
1460; 26; 31.225; 2.13644
1470; 27; 31.52; 1.68511
1480; 26; 31.12; 2.12735
1490; 27; 31.07; 2.11071
1500; 28; 31.415; 1.63486
1510; 27; 30.97; 2.01968
1520; 26; 31.24; 1.88478
1530; 28; 31.585; 1.62258
1535; 28; 31.455; 1.6211
gen; best; avg; dev
0; 31; 33.935; 1.02994
0; 31; 33.62; 1.02742
10; 31; 33.055; 1.3046
20; 31; 33.085; 1.29914
30; 31; 33.22; 1.0824
40; 31; 33.26; 1.04995
50; 31; 32.975; 1.24273
60; 31; 32.935; 1.24931
70; 30; 33.005; 1.23084
80; 29; 32.71; 1.45461
90; 30; 33.03; 1.22029
100; 30; 32.985; 1.17251
110; 29; 32.785; 1.34862
120; 29; 32.53; 1.61527
130; 30; 32.785; 1.3924
140; 30; 32.81; 1.34681
150; 30; 32.775; 1.33206
160; 30; 32.69; 1.37255
170; 30; 32.7; 1.43527
180; 30; 32.545; 1.5093
190; 29; 32.38; 1.58291
200; 29; 32.28; 1.66481
210; 30; 32.7; 1.38203
220; 29; 32.275; 1.58725
230; 29; 32.41; 1.50728
240; 29; 32.465; 1.50292
250; 28; 32.685; 1.22302
260; 29; 32.49; 1.31905
270; 30; 32.44; 1.28701
280; 29; 32.31; 1.42965
290; 29; 32.235; 1.49324
300; 29; 32.32; 1.40627
310; 30; 32.435; 1.18565
320; 29; 32.27; 1.29888
330; 28; 32.145; 1.61368
340; 29; 32.215; 1.49625
350; 28; 32.29; 1.39496
360; 28; 32.21; 1.34755
370; 28; 32.215; 1.48283
380; 27; 32.04; 1.65179
390; 28; 32.105; 1.57923
400; 27; 31.69; 1.9089
410; 27; 31.705; 2.10665
420; 27; 31.66; 2.09867
430; 27; 31.66; 1.95049
440; 28; 31.87; 1.74158
450; 29; 32.105; 1.45395
460; 29; 31.8; 1.66733
470; 29; 32.045; 1.39749
480; 28; 31.8; 1.61864
490; 29; 32.03; 1.52286
500; 28; 32.125; 1.57778
510; 27; 31.67; 1.91862
520; 27; 31.68; 1.902
530; 28; 31.7; 1.83303
540; 29; 31.845; 1.61275
550; 28; 31.78; 1.69753
560; 27; 31.88; 1.43722
570; 29; 32.045; 1.324
580; 29; 31.975; 1.5409
590; 28; 31.865; 1.62381
600; 29; 31.905; 1.53817
610; 26; 31.845; 1.67361
620; 27; 31.82; 1.6179
630; 27; 32.02; 1.5032
640; 27; 31.66; 1.82329
650; 27; 31.4; 2.08806
660; 27; 31.505; 1.96468
670; 27; 31.88; 1.74516
680; 27; 32.01; 1.57794
690; 27; 32.19; 1.45736
700; 27; 31.87; 1.77851
710; 28; 32.05; 1.51905
720; 28; 32.075; 1.36359
730; 28; 31.805; 1.84309
740; 28; 31.915; 1.66366
750; 28; 31.86; 1.56857
760; 28; 31.935; 1.55909
770; 29; 32.15; 1.38834
780; 29; 32.135; 1.44802
790; 27; 31.875; 1.73763
800; 29; 31.95; 1.57083
810; 29; 32.225; 1.3283
820; 28; 31.905; 1.56716
830; 29; 32; 1.42478
840; 29; 32.015; 1.61083
850; 29; 32.105; 1.44013
860; 29; 31.98; 1.44554
870; 28; 31.845; 1.61894
880; 28; 32.105; 1.46423
890; 28; 31.995; 1.66882
900; 27; 31.485; 2.07359
910; 28; 31.85; 1.60234
920; 28; 31.755; 1.95831
930; 27; 31.8; 1.79165
940; 27; 31.725; 1.769
950; 28; 31.79; 1.68698
960; 27; 31.715; 2.00593
970; 27; 31.845; 1.78353
980; 28; 31.89; 1.66069
990; 28; 31.975; 1.5344
1000; 29; 31.85; 1.53867
1010; 28; 31.895; 1.51128
1020; 29; 31.725; 1.60604
1030; 29; 31.695; 1.63156
1040; 28; 31.695; 1.61616
1050; 28; 31.545; 1.77988
1060; 28; 31.655; 1.69882
1070; 29; 31.87; 1.42587
1080; 29; 31.75; 1.54839
1090; 28; 31.285; 1.958
1100; 27; 31.265; 2.03833
1110; 26; 31.61; 1.71985
1120; 28; 31.495; 1.75783
1130; 27; 31.37; 1.92174
1140; 25; 30.975; 2.29878
1150; 28; 31.695; 1.60062
1160; 28; 31.575; 1.73043
1170; 28; 31.655; 1.71055
1180; 27; 31.4; 2.03715
1190; 28; 31.745; 1.65529
1200; 28; 31.715; 1.57917
1210; 28; 31.63; 1.80917
1220; 29; 31.915; 1.48249
1230; 28; 31.77; 1.44468
1240; 29; 31.89; 1.47577
1250; 28; 31.605; 1.53264
1260; 29; 31.49; 1.56841
1270; 28; 31.745; 1.40356
1280; 27; 31.5; 1.59687
1290; 27; 31.76; 1.51076
1300; 27; 31.695; 1.54012
1310; 27; 31.395; 1.79693
1320; 29; 31.535; 1.61517
1330; 28; 31.54; 1.57747
1340; 27; 31.565; 1.75664
1350; 28; 31.62; 1.57022
1360; 29; 31.63; 1.59157
1370; 26; 31.295; 1.89155
1380; 28; 31.57; 1.71904
1390; 28; 31.635; 1.63456
1400; 27; 31.36; 1.85213
1410; 29; 31.51; 1.69112
1420; 29; 31.56; 1.66925
1430; 27; 31.405; 1.79192
1440; 27; 31.685; 1.63883
1450; 27; 31.715; 1.56326
1460; 28; 31.815; 1.51683
1470; 28; 31.755; 1.49164
1480; 29; 31.71; 1.62355
1490; 28; 31.845; 1.5169
1500; 28; 31.92; 1.4641
1510; 29; 31.585; 1.66216
1520; 28; 31.705; 1.58681
1530; 28; 31.62; 1.51182
1537; 27; 31.3; 1.89209
gen; best; avg; dev
0; 31; 34.115; 0.900986
0; 31; 33.835; 1.01379
10; 30; 33.165; 1.43449
20; 31; 33.29; 1.35126
30; 31; 33.24; 1.2698
40; 30; 33.05; 1.42741
50; 30; 32.93; 1.41954
60; 31; 33.195; 1.18616
70; 30; 33.09; 1.24575
80; 30; 33.065; 1.42154
90; 29; 32.635; 1.76119
100; 28; 32.49; 2.09282
110; 27; 32.435; 2.01638
120; 29; 32.65; 1.69926
130; 30; 32.735; 1.46109
140; 30; 32.67; 1.40752
150; 30; 32.61; 1.39567
160; 29; 32.855; 1.34312
170; 30; 32.82; 1.21145
180; 29; 32.715; 1.2664
190; 29; 32.515; 1.38556
200; 30; 32.535; 1.32619
210; 30; 32.585; 1.32392
220; 30; 32.45; 1.46544
230; 28; 32.46; 1.65481
240; 29; 32.555; 1.44809
250; 28; 32.24; 1.78393
260; 28; 32.02; 2.01732
270; 27; 32.045; 2.11494
280; 26; 31.7; 2.28035
290; 28; 32.29; 1.60184
300; 28; 32.195; 1.63002
310; 28; 32.045; 1.76153
320; 29; 32.115; 1.69758
330; 29; 32.185; 1.52669
340; 29; 32.18; 1.58038
350; 28; 31.975; 1.78728
360; 28; 32.09; 1.95497
370; 28; 32.08; 1.60112
380; 28; 32.22; 1.59424
390; 28; 32.285; 1.79549
400; 29; 32.055; 1.66192
410; 29; 32.275; 1.53928
420; 27; 32.025; 1.66264
430; 29; 32.12; 1.52171
440; 29; 31.985; 1.65975
450; 28; 31.795; 1.69793
460; 28; 32.02; 1.63695
470; 29; 32.05; 1.59295
480; 28; 32.14; 1.57175
490; 28; 31.655; 1.93287
500; 28; 32.075; 1.59354
510; 28; 31.73; 1.87806
520; 28; 31.96; 1.69364
530; 28; 32.02; 1.63389
540; 28; 31.875; 1.71446
550; 28; 31.84; 1.70423
560; 27; 31.84; 1.70423
570; 29; 31.925; 1.48303
580; 28; 32.035; 1.64735
590; 28; 31.96; 1.65481
600; 29; 32.27; 1.40253
610; 28; 31.875; 1.76618
620; 29; 31.95; 1.66358
630; 29; 32.245; 1.51492
640; 28; 31.81; 1.65345
650; 28; 31.545; 1.86493
660; 27; 31.89; 1.75724
670; 27; 32.035; 1.62904
680; 28; 31.705; 1.71405
690; 29; 32.08; 1.42604
700; 27; 31.585; 2.02306
710; 28; 31.905; 1.57034
720; 28; 31.735; 1.74206
730; 29; 32.035; 1.58233
740; 28; 31.86; 1.66745
750; 29; 31.91; 1.5849
760; 28; 31.92; 1.61666
770; 27; 31.805; 1.69026
780; 27; 31.975; 1.61381
790; 28; 32.1; 1.52315
800; 28; 31.555; 2.05353
810; 27; 31.915; 1.54848
820; 27; 31.315; 2.38029
830; 27; 31.655; 1.76238
840; 28; 31.315; 2.02133
850; 27; 31.355; 2.11636
860; 26; 31.095; 2.38453
870; 28; 31.61; 1.76009
880; 27; 31.57; 1.95579
890; 28; 31.815; 1.75806
900; 26; 31.59; 2.10521
910; 27; 31.65; 1.93067
920; 27; 31.675; 1.84916
930; 27; 31.335; 2.31144
940; 28; 31.695; 1.91885
950; 27; 31.595; 1.98267
960; 27; 31.83; 1.80308
970; 29; 31.965; 1.44353
980; 28; 31.905; 1.49866
990; 28; 31.58; 1.87179
1000; 28; 31.91; 1.72392
1010; 29; 31.795; 1.69793
1020; 28; 31.77; 1.82951
1030; 29; 31.855; 1.69233
1040; 29; 31.815; 1.73516
1050; 27; 31.805; 1.81024
1060; 28; 31.785; 1.79131
1070; 29; 31.915; 1.50591
1080; 29; 31.74; 1.57873
1090; 27; 31.65; 2.03408
1100; 28; 31.91; 1.53685
1110; 27; 31.885; 1.62843
1120; 29; 31.985; 1.55073
1130; 29; 31.795; 1.65014
1140; 28; 31.58; 1.78146
1150; 26; 31.38; 1.93277
1160; 27; 31.485; 2.042
1170; 28; 31.675; 1.77746
1180; 27; 31.42; 2.09609
1190; 27; 31.52; 1.98484
1200; 25; 31.005; 2.65047
1210; 26; 30.865; 2.57619
1220; 27; 31.4; 2.08567
1230; 27; 31.52; 1.87339
1240; 27; 31.55; 2.03899
1250; 27; 31.805; 1.69026
1260; 28; 31.715; 1.84222
1270; 28; 31.55; 2.00187
1280; 26; 31.215; 2.26689
1290; 29; 31.67; 1.67365
1300; 28; 31.48; 1.74344
1310; 27; 31.405; 2.04963
1320; 27; 31.705; 1.75156
1330; 29; 31.775; 1.64146
1340; 29; 31.93; 1.57006
1350; 26; 31.63; 2.0623
1360; 27; 31.565; 1.77645
1370; 28; 31.715; 1.67445
1380; 28; 31.64; 1.70892
1390; 27; 31.62; 1.92239
1400; 28; 31.855; 1.67749
1410; 28; 31.715; 1.83133
1420; 28; 31.63; 1.84475
1430; 28; 31.54; 1.89958
1440; 26; 31.36; 2.11433
1450; 26; 31.56; 2.15091
1460; 26; 31.71; 1.88571
1470; 26; 31.42; 1.92187
1480; 27; 31.725; 1.71446
1490; 26; 31.425; 2.20326
1500; 26; 31.6; 1.98242
1510; 27; 31.805; 1.7655
1520; 28; 31.825; 1.76759
1530; 27; 31.92; 1.62899
1533; 27; 31.92; 1.62592
gen; best; avg; dev
0; 31; 33.975; 1.02195
0; 31; 33.69; 1.01681
10; 31; 33.45; 1.07587
20; 31; 33.505; 1.02955
30; 31; 33.35; 1.1034
40; 31; 33.495; 1.03922
50; 31; 33.33; 1.25344
60; 29; 33.025; 1.45752
70; 31; 33.56; 1.00817
80; 31; 33.385; 1.05203
90; 30; 33.115; 1.34602
100; 29; 33.105; 1.33939
110; 29; 33.205; 1.35387
120; 29; 33.09; 1.45324
130; 30; 33.09; 1.28526
140; 29; 33.165; 1.20324
150; 29; 33.06; 1.35514
160; 29; 33.055; 1.44637
170; 29; 32.805; 1.68136
180; 31; 33.31; 1.0459
190; 31; 33.185; 1.05393
200; 30; 32.94; 1.33656
210; 29; 32.7; 1.50665
220; 29; 32.895; 1.41915
230; 29; 32.755; 1.4543
240; 28; 32.51; 1.68223
250; 28; 32.27; 1.83497
260; 28; 32.565; 1.84005
270; 28; 32.18; 1.89673
280; 28; 32.56; 1.54156
290; 29; 32.33; 1.59094
300; 28; 32.3; 1.77482
310; 28; 32.165; 1.78823
320; 29; 32.415; 1.61021
330; 29; 32.56; 1.50546
340; 29; 32.23; 1.75131
350; 29; 32.405; 1.52675
360; 29; 32.535; 1.52603
370; 29; 32.4; 1.35277
380; 28; 32.235; 1.58423
390; 29; 32.155; 1.60654
400; 28; 32.19; 1.51126
410; 28; 32.04; 1.60885
420; 27; 31.925; 1.8109
430; 27; 31.915; 1.82148
440; 28; 31.83; 1.81138
450; 27; 31.97; 1.81083
460; 28; 31.87; 1.81469
470; 28; 31.645; 1.96697
480; 27; 31.77; 1.98421
490; 28; 32.025; 1.5409
500; 28; 31.925; 1.5904
510; 28; 32.07; 1.39467
520; 29; 32.04; 1.49278
530; 27; 31.91; 1.90575
540; 28; 32.05; 1.56445
550; 29; 32.21; 1.47848
560; 29; 31.79; 1.58616
570; 29; 31.995; 1.52479
580; 27; 31.785; 1.74894
590; 28; 32.105; 1.60747
600; 28; 32.025; 1.51472
610; 27; 31.735; 1.81515
620; 28; 31.76; 1.62862
630; 29; 32.075; 1.33768
640; 29; 31.825; 1.56983
650; 28; 31.67; 1.67365
660; 28; 31.91; 1.48388
670; 29; 31.78; 1.48714
680; 27; 31.72; 1.64061
690; 28; 31.595; 1.58145
700; 28; 31.755; 1.53133
710; 28; 31.71; 1.56713
720; 29; 31.6; 1.47309
730; 28; 31.525; 1.58725
740; 28; 31.545; 1.68166
750; 28; 31.72; 1.55615
760; 29; 31.785; 1.49291
770; 28; 31.985; 1.32468
780; 29; 31.95; 1.27181
790; 30; 31.865; 1.28716
800; 28; 31.745; 1.44567
810; 29; 31.805; 1.35166
820; 28; 31.74; 1.49077
830; 28; 31.655; 1.48862
840; 28; 31.815; 1.42154
850; 28; 31.84; 1.46096
860; 28; 31.635; 1.569
870; 29; 31.68; 1.46547
880; 29; 31.86; 1.30782
890; 28; 31.625; 1.58252
900; 28; 31.485; 1.76912
910; 27; 31.675; 1.70569
920; 29; 31.805; 1.38816
930; 27; 31.42; 1.86107
940; 29; 32.005; 1.38021
950; 29; 31.74; 1.653
960; 28; 31.615; 1.69611
970; 28; 31.34; 1.99359
980; 27; 31.54; 1.86236
990; 27; 31.685; 1.57663
1000; 29; 31.785; 1.45216
1010; 29; 31.745; 1.46628
1020; 28; 31.9; 1.40357
1030; 28; 31.5; 1.71756
1040; 28; 31.53; 1.69974
1050; 28; 31.42; 1.7702
1060; 26; 31.09; 2.24096
1070; 27; 31.545; 1.77143
1080; 29; 31.915; 1.39921
1090; 28; 31.555; 1.59279
1100; 29; 31.595; 1.55273
1110; 29; 31.76; 1.46027
1120; 29; 31.62; 1.52499
1130; 27; 31.76; 1.52722
1140; 29; 31.895; 1.3168
1150; 28; 31.635; 1.53355
1160; 28; 31.6; 1.56844
1170; 28; 31.705; 1.62418
1180; 28; 31.6; 1.65529
1190; 28; 31.495; 1.83575
1200; 26; 31.255; 2.08806
1210; 26; 31.54; 2.03185
1220; 26; 31.38; 2.06775
1230; 26; 31.27; 2.26431
1240; 26; 31.13; 2.38602
1250; 26; 30.835; 2.46125
1260; 27; 31.56; 1.69304
1270; 27; 31.54; 1.7659
1280; 27; 31.48; 1.88138
1290; 27; 31.31; 1.89576
1300; 27; 31.335; 1.87157
1310; 27; 31.07; 2.17373
1320; 28; 31.65; 1.61787
1330; 28; 31.445; 1.67242
1340; 28; 31.185; 1.90283
1350; 28; 31.615; 1.61764
1360; 28; 31.59; 1.59747
1370; 27; 31.385; 1.9201
1380; 27; 31.26; 1.91896
1390; 28; 31.355; 1.72307
1400; 27; 31.355; 1.66102
1410; 29; 31.6; 1.39642
1420; 29; 31.47; 1.52286
1430; 27; 31.425; 1.65359
1440; 25; 31.45; 1.58981
1450; 28; 31.47; 1.56815
1460; 28; 31.585; 1.39742
1470; 26; 31.285; 1.65039
1480; 27; 31.405; 1.56556
1490; 27; 31.305; 1.7584
1500; 27; 31.36; 1.71184
1510; 27; 31.225; 1.74768
1520; 27; 31.325; 1.71154
1530; 27; 31.155; 1.90551
1537; 27; 31.61; 1.68757
gen; best; avg; dev
0; 31; 33.93; 0.924716
0; 31; 33.69; 0.934826
10; 31; 33.33; 1.10955
20; 29; 32.83; 1.73813
30; 30; 33.07; 1.40182
40; 30; 32.925; 1.47627
50; 30; 33.145; 1.39785
60; 29; 33.085; 1.27976
70; 31; 33.06; 1.23952
80; 30; 33.105; 1.21407
90; 30; 33.035; 1.41555
100; 30; 32.64; 1.58442
110; 30; 32.65; 1.53867
120; 30; 32.88; 1.3622
130; 29; 32.895; 1.37258
140; 28; 32.57; 1.73064
150; 29; 32.49; 1.56202
160; 29; 32.295; 1.59937
170; 29; 32.545; 1.4135
180; 28; 32.385; 1.67236
190; 29; 32.66; 1.15948
200; 28; 32.62; 1.33626
210; 27; 32.13; 1.9832
220; 28; 32.25; 1.84052
230; 30; 32.64; 1.24916
240; 30; 32.695; 1.14104
250; 30; 32.545; 1.29922
260; 29; 32.66; 1.31697
270; 29; 32.53; 1.31875
280; 29; 32.45; 1.40979
290; 28; 31.925; 1.98982
300; 29; 32.315; 1.53485
310; 29; 32.28; 1.5138
320; 28; 32.35; 1.48913
330; 28; 32.135; 1.62689
340; 29; 32.405; 1.44947
350; 28; 32.175; 1.57619
360; 28; 32.025; 1.86128
370; 28; 32.02; 1.76057
380; 28; 32.225; 1.43679
390; 28; 31.965; 1.66846
400; 28; 31.885; 1.76119
410; 28; 31.75; 1.71683
420; 27; 31.575; 1.92468
430; 28; 32.13; 1.47075
440; 27; 31.395; 2.05888
450; 26; 31.425; 1.94792
460; 25; 30.965; 2.59495
470; 25; 31.78; 1.60362
480; 25; 31.38; 2.28158
490; 26; 30.925; 2.49987
500; 26; 31.58; 2.01087
510; 26; 31.42; 2.00589
520; 25; 31.47; 2.01224
530; 26; 31.375; 2.20099
540; 27; 31.505; 2.15406
550; 25; 31.195; 2.40561
560; 26; 31.77; 1.79084
570; 28; 31.865; 1.65129
580; 28; 31.805; 1.8322
590; 28; 32.185; 1.47674
600; 28; 32.04; 1.70833
610; 27; 31.515; 2.18856
620; 28; 31.87; 1.82568
630; 29; 32.02; 1.63695
640; 28; 31.935; 1.73804
650; 27; 32.025; 1.65057
660; 28; 31.795; 1.73002
670; 27; 31.755; 2.00623
680; 28; 32.13; 1.57579
690; 27; 31.76; 1.898
700; 28; 31.99; 1.52312
710; 28; 32.01; 1.64009
720; 28; 32.04; 1.55833
730; 27; 31.88; 1.83456
740; 28; 31.925; 1.77183
750; 27; 31.49; 2.08324
760; 28; 32.11; 1.47916
770; 29; 32.06; 1.52853
780; 29; 31.82; 1.63328
790; 29; 31.855; 1.60747
800; 27; 31.77; 1.74559
810; 27; 31.475; 2.10698
820; 27; 31.67; 1.86309
830; 28; 31.625; 1.89852
840; 27; 31.525; 1.95688
850; 27; 31.52; 1.9338
860; 27; 31.42; 1.9959
870; 28; 31.445; 2.01667
880; 27; 31.49; 2.07121
890; 28; 31.41; 2.05716
900; 28; 31.995; 1.55402
910; 27; 31.815; 1.64948
920; 28; 31.64; 1.73217
930; 28; 31.525; 1.86799
940; 29; 31.83; 1.48361
950; 28; 31.605; 1.63064
960; 28; 31.51; 1.73491
970; 27; 31.385; 1.80188
980; 29; 31.62; 1.5348
990; 29; 31.615; 1.53192
1000; 28; 31.28; 1.87393
1010; 28; 31.685; 1.62351
1020; 28; 31.68; 1.76567
1030; 28; 31.65; 1.66358
1040; 28; 31.535; 1.72591
1050; 27; 31.205; 2.03297
1060; 28; 31.735; 1.57949
1070; 28; 31.505; 1.8601
1080; 28; 31.635; 1.69758
1090; 27; 31.735; 1.85061
1100; 28; 31.715; 1.73314
1110; 29; 31.73; 1.72253
1120; 27; 31.88; 1.77358
1130; 26; 31.465; 2.08057
1140; 27; 31.5; 1.88414
1150; 29; 31.585; 1.8146
1160; 29; 31.565; 1.88037
1170; 29; 31.81; 1.60745
1180; 27; 31.695; 1.86332
1190; 27; 31.2; 2.21811
1200; 28; 31.58; 1.82033
1210; 27; 31.47; 1.87859
1220; 27; 31.435; 1.76799
1230; 28; 31.87; 1.61341
1240; 27; 31.715; 1.75607
1250; 27; 31.305; 2.03518
1260; 26; 31.385; 1.97403
1270; 27; 31.525; 1.63382
1280; 26; 31.31; 1.91413
1290; 25; 31.275; 2.00982
1300; 28; 31.34; 1.79844
1310; 28; 31.405; 1.74097
1320; 28; 31.495; 1.772
1330; 29; 31.36; 1.90536
1340; 26; 31.425; 1.78448
1350; 26; 31.265; 1.83978
1360; 27; 31.545; 1.6395
1370; 27; 31.325; 1.78588
1380; 28; 31.38; 1.74803
1390; 27; 31.615; 1.62381
1400; 28; 31.49; 1.70291
1410; 26; 31.63; 1.63802
1420; 28; 31.39; 1.70526
1430; 28; 31.48; 1.58417
1440; 27; 31.29; 1.78211
1450; 28; 31.505; 1.6763
1460; 27; 31.395; 1.72307
1470; 28; 31.63; 1.53072
1480; 27; 31.245; 1.9685
1490; 28; 31.66; 1.49813
1500; 27; 31.2; 1.93649
1510; 25; 31.25; 1.81315
1520; 24; 31.52; 1.91039
1530; 25; 31.42; 2.00838
1537; 27; 31.21; 2.00646
gen; best; avg; dev
0; 31; 34.005; 0.935401
0; 31; 33.62; 1.04192
10; 30; 33.35; 1.13908
20; 31; 33.34; 1.24274
30; 30; 33.195; 1.47206
40; 29; 33.03; 1.63067
50; 29; 33.075; 1.5295
60; 30; 33.29; 1.16872
70; 31; 33.155; 1.07749
80; 30; 33.03; 1.1658
90; 31; 33.28; 0.9755
100; 30; 33.105; 1.0835
110; 30; 32.855; 1.44013
120; 29; 32.82; 1.30675
130; 30; 33.005; 1.13797
140; 30; 32.85; 1.28355
150; 29; 32.6; 1.43527
160; 28; 32.315; 1.82915
170; 28; 32.585; 1.55974
180; 28; 32.205; 1.82564
190; 29; 32.595; 1.3896
200; 29; 32.46; 1.50944
210; 29; 32.44; 1.51539
220; 29; 32.51; 1.44219
230; 29; 32.54; 1.21178
240; 28; 32.385; 1.47877
250; 28; 32.42; 1.43304
260; 29; 32.32; 1.52892
270; 29; 32.465; 1.35232
280; 28; 32.275; 1.41752
290; 29; 32.655; 1.2231
300; 29; 32.21; 1.67209
310; 28; 32.315; 1.46826
320; 29; 32.48; 1.24884
330; 29; 32.26; 1.35366
340; 29; 32.325; 1.3818
350; 30; 32.395; 1.27631
360; 29; 32.355; 1.33753
370; 29; 32.075; 1.62769
380; 27; 31.775; 1.77887
390; 29; 31.98; 1.58417
400; 29; 31.86; 1.73793
410; 28; 31.915; 1.72852
420; 29; 32.055; 1.54336
430; 28; 31.76; 1.83913
440; 28; 31.725; 1.769
450; 29; 32.03; 1.50967
460; 27; 31.92; 1.73885
470; 28; 31.935; 1.54621
480; 27; 31.71; 1.72798
490; 29; 31.965; 1.50458
500; 29; 32.08; 1.29754
510; 27; 31.675; 1.83013
520; 28; 31.805; 1.66643
530; 29; 32.085; 1.34081
540; 29; 31.65; 1.63631
550; 30; 31.915; 1.35565
560; 29; 31.735; 1.4159
570; 27; 31.43; 1.89607
580; 28; 31.63; 1.52745
590; 28; 31.72; 1.48378
600; 28; 31.725; 1.49645
610; 28; 31.495; 1.78605
620; 27; 31.41; 1.92143
630; 28; 31.78; 1.7354
640; 28; 31.72; 1.7865
650; 27; 31.61; 1.85416
660; 29; 31.79; 1.57032
670; 27; 31.515; 1.81101
680; 28; 31.505; 1.92613
690; 27; 31.555; 2.04865
700; 28; 31.42; 1.94515
710; 28; 31.395; 2.07581
720; 29; 31.795; 1.67719
730; 29; 31.6; 1.71464
740; 29; 31.83; 1.70326
750; 28; 31.805; 1.62388
760; 28; 32.025; 1.57936
770; 28; 31.68; 1.79933
780; 28; 31.74; 1.77831
790; 27; 31.455; 1.88891
800; 28; 31.99; 1.46625
810; 27; 31.705; 1.77988
820; 27; 31.785; 1.59335
830; 28; 31.715; 1.6043
840; 28; 31.51; 1.64314
850; 29; 31.77; 1.42376
860; 26; 31.65; 1.69632
870; 29; 31.665; 1.54038
880; 28; 31.785; 1.54233
890; 27; 31.55; 1.94615
900; 28; 31.535; 1.60897
910; 28; 31.725; 1.71154
920; 28; 31.765; 1.45937
930; 28; 31.59; 1.59747
940; 27; 31.475; 1.81917
950; 27; 31.72; 1.53675
960; 28; 31.805; 1.47206
970; 28; 31.675; 1.53603
980; 29; 31.51; 1.61242
990; 28; 31.4; 1.72916
1000; 28; 31.51; 1.53294
1010; 28; 31.35; 1.69632
1020; 28; 31.465; 1.67295
1030; 28; 31.42; 1.60424
1040; 28; 31.68; 1.48243
1050; 28; 31.425; 1.55383
1060; 27; 30.975; 2.04313
1070; 27; 31.515; 1.57155
1080; 28; 31.46; 1.60885
1090; 28; 31.485; 1.64005
1100; 28; 31.515; 1.6522
1110; 29; 31.685; 1.53811
1120; 28; 31.605; 1.67301
1130; 29; 31.57; 1.68674
1140; 28; 31.355; 1.82181
1150; 28; 31.56; 1.75397
1160; 28; 31.605; 1.76889
1170; 28; 31.645; 1.6997
1180; 28; 31.535; 1.6367
1190; 28; 31.39; 1.92819
1200; 27; 31.34; 1.72754
1210; 27; 31.35; 1.95384
1220; 27; 31.6; 1.81108
1230; 28; 31.68; 1.50586
1240; 28; 31.19; 1.85847
1250; 28; 31.61; 1.43802
1260; 28; 31.24; 1.78673
1270; 29; 31.37; 1.50436
1280; 28; 31.095; 1.88838
1290; 28; 31.13; 1.70385
1300; 27; 31.265; 1.5921
1310; 26; 31.41; 1.77254
1320; 27; 31.045; 2.17094
1330; 26; 31.285; 1.80382
1340; 27; 31.59; 1.59119
1350; 25; 31.21; 2.22843
1360; 25; 31.31; 1.75895
1370; 27; 31.455; 1.71405
1380; 28; 31.535; 1.55202
1390; 28; 31.435; 1.60803
1400; 28; 31.31; 1.6715
1410; 28; 31.59; 1.47374
1420; 28; 31.445; 1.61151
1430; 28; 31.545; 1.6395
1440; 29; 31.525; 1.54252
1450; 28; 31.515; 1.60928
1460; 30; 31.78; 1.23758
1470; 27; 31.3; 1.59687
1480; 27; 31.285; 1.68338
1490; 28; 31.32; 1.72847
1500; 28; 31.56; 1.49211
1510; 28; 31.395; 1.68789
1520; 27; 31.205; 1.93468
1530; 26; 31.315; 2.02133
1536; 26; 31.225; 2.02593
gen; best; avg; dev
0; 31; 33.87; 0.912743
0; 31; 33.575; 0.97179
10; 30; 33.065; 1.38231
20; 30; 33.32; 1.21557
30; 31; 33.245; 1.18109
40; 30; 33.415; 1.14576
50; 31; 33.515; 1.01969
60; 30; 33.33; 1.1752
70; 29; 33.19; 1.33563
80; 30; 33.39; 1.02367
90; 29; 32.835; 1.61486
100; 30; 33; 1.44222
110; 30; 33.235; 1.14445
120; 31; 33.155; 1.14934
130; 30; 33.025; 1.41576
140; 30; 33.095; 1.26727
150; 29; 32.72; 1.5138
160; 30; 32.92; 1.39413
170; 29; 32.76; 1.40798
180; 29; 32.71; 1.32887
190; 30; 32.895; 1.18067
200; 30; 32.765; 1.25291
210; 30; 32.87; 1.21371
220; 30; 32.71; 1.25933
230; 31; 32.76; 1.25395
240; 30; 32.695; 1.28529
250; 28; 32.305; 1.63156
260; 28; 32.41; 1.47713
270; 29; 32.13; 1.73871
280; 28; 31.9; 1.87617
290; 28; 31.92; 1.94
300; 28; 32.195; 1.48895
310; 29; 32.285; 1.56326
320; 28; 32.245; 1.5083
330; 29; 32.305; 1.44982
340; 28; 31.85; 1.87816
350; 29; 32.295; 1.3957
360; 29; 32.435; 1.27506
370; 29; 32.265; 1.32468
380; 29; 31.985; 1.62628
390; 30; 32.44; 1.22327
400; 28; 32.185; 1.50026
410; 27; 32.245; 1.58271
420; 29; 32.415; 1.3501
430; 28; 32.17; 1.43565
440; 30; 32.345; 1.21077
450; 29; 32.17; 1.4146
460; 28; 32.215; 1.3852
470; 29; 32.35; 1.35185
480; 29; 32.275; 1.37818
490; 27; 31.42; 2.32886
500; 27; 31.545; 2.38075
510; 27; 31.79; 2.1109
520; 27; 31.885; 1.8552
530; 29; 32.01; 1.64921
540; 29; 32.15; 1.43788
550; 28; 31.735; 1.80133
560; 28; 31.805; 1.81851
570; 28; 31.55; 1.93067
580; 28; 31.48; 2.01484
590; 27; 31.705; 1.84878
600; 27; 31.6; 2.06398
610; 28; 31.645; 2.02212
620; 28; 31.67; 1.9522
630; 28; 32.135; 1.44457
640; 28; 31.825; 1.57619
650; 27; 31.85; 1.80762
660; 28; 31.625; 1.89852
670; 28; 31.515; 2.00244
680; 28; 31.805; 1.6392
690; 29; 31.905; 1.54142
700; 28; 31.845; 1.55595
710; 27; 31.745; 1.73781
720; 28; 31.52; 1.84109
730; 27; 31.46; 1.93349
740; 27; 31.69; 1.76462
750; 27; 31.75; 1.7371
760; 28; 31.405; 2.03985
770; 28; 31.75; 1.76564
780; 27; 31.51; 1.81931
790; 27; 31.64; 1.84943
800; 29; 31.8; 1.64317
810; 28; 31.73; 1.76836
820; 27; 31.36; 1.93659
830; 27; 31.35; 1.96914
840; 27; 31.315; 2.11324
850; 26; 31.18; 2.1949
860; 26; 31.275; 2.13527
870; 27; 31.415; 1.92166
880; 27; 31.17; 2.10739
890; 26; 31.39; 2.03664
900; 28; 31.895; 1.45739
910; 28; 31.585; 1.64705
920; 28; 31.7; 1.55563
930; 29; 31.945; 1.42898
940; 28; 31.655; 1.68996
950; 29; 31.955; 1.32022
960; 29; 31.87; 1.28573
970; 28; 31.67; 1.47347
980; 29; 31.74; 1.51737
990; 28; 31.57; 1.59534
1000; 28; 31.55; 1.69926
1010; 27; 31.43; 1.88815
1020; 27; 31.46; 1.81339
1030; 29; 31.645; 1.55209
1040; 28; 31.64; 1.56857
1050; 29; 31.735; 1.58265
1060; 28; 31.38; 1.78202
1070; 29; 31.61; 1.52902
1080; 28; 31.515; 1.69993
1090; 28; 31.345; 1.8292
1100; 27; 31.31; 1.94522
1110; 27; 31.47; 1.79975
1120; 27; 31.635; 1.66787
1130; 29; 31.73; 1.56112
1140; 28; 31.565; 1.55106
1150; 28; 31.495; 1.70586
1160; 28; 31.565; 1.71924
1170; 28; 31.5; 1.77764
1180; 27; 31.57; 1.92746
1190; 27; 31.73; 1.75131
1200; 27; 31.77; 1.72253
1210; 27; 31.29; 2.04839
1220; 28; 31.46; 1.73447
1230; 28; 31.34; 1.86665
1240; 28; 31.55; 1.79931
1250; 27; 31.6; 1.90263
1260; 28; 31.68; 1.68452
1270; 29; 31.805; 1.52216
1280; 27; 31.665; 1.65613
1290; 28; 31.795; 1.67719
1300; 28; 31.63; 1.62268
1310; 29; 31.68; 1.56128
1320; 27; 31.77; 1.7138
1330; 28; 31.58; 1.73885
1340; 28; 31.36; 1.84402
1350; 27; 31.675; 1.70862
1360; 27; 31.42; 1.95028
1370; 28; 31.59; 1.72682
1380; 28; 31.725; 1.63382
1390; 28; 31.605; 1.658
1400; 29; 31.695; 1.54012
1410; 28; 31.385; 1.73401
1420; 28; 31.38; 1.83728
1430; 28; 31.715; 1.55041
1440; 28; 31.575; 1.63841
1450; 27; 31.345; 1.88838
1460; 27; 31.13; 2.0912
1470; 25; 31.245; 2.10356
1480; 27; 31.21; 1.90155
1490; 27; 31.48; 1.78874
1500; 27; 31.185; 1.98262
1510; 27; 31.335; 1.79799
1520; 28; 31.515; 1.54589
1530; 29; 31.605; 1.59028
1535; 28; 31.635; 1.54654
gen; best; avg; dev
0; 30; 34.02; 0.974474
0; 30; 33.835; 1.03816
10; 31; 33.48; 1.14
20; 30; 33.265; 1.35454
30; 29; 33.28; 1.37899
40; 30; 33.365; 1.2537
50; 30; 33.325; 1.40334
60; 30; 33.33; 1.24141
70; 31; 33.425; 1.06037
80; 30; 33.31; 1.16357
90; 30; 33.295; 1.20747
100; 32; 33.375; 0.950986
110; 30; 33.09; 1.13221
120; 30; 33.155; 1.22922
130; 30; 33.07; 1.21454
140; 29; 32.94; 1.38434
150; 29; 33.075; 1.24072
160; 29; 32.885; 1.53029
170; 28; 32.74; 1.60075
180; 30; 32.79; 1.39496
190; 30; 32.84; 1.36176
200; 30; 32.795; 1.42231
210; 29; 32.935; 1.35675
220; 29; 32.345; 1.89894
230; 28; 32.37; 1.92434
240; 28; 32.165; 2.13021
250; 29; 32.62; 1.40556
260; 28; 32.295; 1.89947
270; 28; 32.015; 2.11537
280; 27; 31.915; 2.19266
290; 28; 32.18; 1.9151
300; 29; 32.385; 1.61145
310; 29; 32.535; 1.36337
320; 30; 32.325; 1.41752
330; 28; 32.065; 1.64644
340; 28; 32.22; 1.67081
350; 27; 32.135; 1.78795
360; 28; 32.02; 1.76907
370; 27; 32.065; 1.94185
380; 28; 32.435; 1.51848
390; 29; 32.39; 1.4859
400; 29; 32.62; 1.402
410; 29; 32.39; 1.53229
420; 28; 32.045; 1.79805
430; 29; 32.135; 1.69316
440; 28; 32.225; 1.67164
450; 29; 32.24; 1.71534
460; 27; 32.17; 1.74101
470; 28; 31.915; 1.7742
480; 29; 32.19; 1.50463
490; 28; 32.145; 1.73608
500; 27; 31.95; 1.99937
510; 28; 31.89; 1.87561
520; 27; 31.52; 2.04441
530; 27; 31.68; 1.87286
540; 28; 31.925; 1.57778
550; 28; 31.435; 1.89097
560; 28; 31.61; 1.77423
570; 28; 31.81; 1.4778
580; 28; 31.38; 2.04343
590; 28; 31.655; 1.76521
600; 28; 31.75; 1.61787
610; 28; 31.745; 1.56843
620; 28; 31.71; 1.6691
630; 29; 31.785; 1.51617
640; 28; 31.965; 1.46416
650; 26; 31.565; 1.80438
660; 28; 31.645; 1.676
670; 28; 31.53; 1.69384
680; 27; 31.415; 1.84737
690; 27; 31.495; 1.88679
700; 28; 31.82; 1.52565
710; 28; 31.77; 1.72543
720; 28; 31.6; 1.75784
730; 26; 31.585; 1.84195
740; 29; 31.655; 1.59874
750; 29; 31.865; 1.43763
760; 27; 31.49; 1.81381
770; 26; 31.335; 1.99819
780; 27; 31.66; 1.79008
790; 28; 31.67; 1.72948
800; 26; 31.645; 1.77454
810; 29; 31.7; 1.74069
820; 29; 31.84; 1.4472
830; 28; 31.75; 1.63325
840; 28; 31.585; 1.88223
850; 28; 31.56; 1.89905
860; 27; 31.615; 1.89388
870; 25; 31.5; 1.90788
880; 29; 32.155; 1.30421
890; 28; 31.645; 1.66102
900; 26; 31.38; 2.22836
910; 27; 32.185; 1.3307
920; 28; 31.82; 1.51908
930; 28; 31.68; 1.66361
940; 27; 31.525; 1.83286
950; 29; 31.56; 1.49211
960; 28; 31.45; 1.57401
970; 29; 31.655; 1.44429
980; 29; 31.645; 1.50963
990; 28; 31.545; 1.76294
1000; 27; 31.395; 1.76889
1010; 27; 31.055; 2.02286
1020; 28; 31.145; 1.96061
1030; 27; 31.345; 1.82647
1040; 27; 31.44; 1.80455
1050; 27; 31.215; 1.931
1060; 27; 31.335; 1.69493
1070; 27; 31.28; 1.77246
1080; 28; 31.64; 1.43889
1090; 28; 31.37; 1.66526
1100; 28; 31.315; 1.85088
1110; 28; 31.62; 1.51182
1120; 28; 31.415; 1.71253
1130; 28; 31.47; 1.66105
1140; 28; 31.52; 1.83292
1150; 28; 31.565; 1.54135
1160; 28; 31.375; 1.85051
1170; 28; 31.49; 1.53945
1180; 27; 31.49; 1.69703
1190; 27; 31.405; 1.78072
1200; 27; 31.28; 1.91875
1210; 27; 31.4; 1.83576
1220; 27; 31.01; 2.09759
1230; 27; 31.17; 1.96242
1240; 27; 30.855; 2.29651
1250; 26; 31.135; 1.97656
1260; 26; 31.14; 2.1167
1270; 25; 31.165; 2.14191
1280; 27; 31.375; 1.96834
1290; 27; 31.24; 2.14765
1300; 27; 31.275; 2.0468
1310; 27; 31.245; 2.13189
1320; 27; 31.315; 1.91201
1330; 27; 31.28; 1.89515
1340; 28; 31.38; 1.76227
1350; 28; 31.735; 1.48485
1360; 27; 31.24; 1.94997
1370; 27; 31.325; 1.8274
1380; 27; 31.195; 1.96392
1390; 28; 31.37; 1.76156
1400; 28; 31.32; 1.91771
1410; 27; 31.275; 1.99984
1420; 28; 31.46; 1.7054
1430; 27; 31.395; 1.82729
1440; 28; 31.585; 1.62873
1450; 28; 31.51; 1.76632
1460; 28; 31.495; 1.73204
1470; 26; 31.29; 2.00397
1480; 26; 31.17; 2.44971
1490; 26; 31.315; 2.17388
1500; 26; 31.2; 2.12838
1510; 26; 31.27; 1.89924
1520; 27; 31.44; 1.71942
1524; 27; 31.32; 1.80211
gen; best; avg; dev
0; 30; 33.925; 0.93775
0; 30; 33.635; 1.02067
10; 30; 33.135; 1.35896
20; 30; 33.235; 1.3114
30; 30; 33.27; 1.32932
40; 30; 33.18; 1.36294
50; 31; 33.135; 1.32543
60; 29; 33.155; 1.44947
70; 30; 33.225; 1.16378
80; 30; 33.095; 1.36966
90; 30; 32.845; 1.48357
100; 29; 32.805; 1.44809
110; 29; 32.955; 1.42933
120; 29; 32.78; 1.47024
130; 29; 32.71; 1.48859
140; 30; 32.705; 1.37767
150; 29; 32.57; 1.44399
160; 29; 32.405; 1.60343
170; 29; 32.46; 1.74597
180; 29; 32.525; 1.53928
190; 30; 32.54; 1.52591
200; 30; 32.725; 1.28428
210; 30; 32.8; 1.26095
220; 30; 32.56; 1.38072
230; 28; 32.23; 1.77401
240; 29; 32.355; 1.62141
250; 29; 32.48; 1.49987
260; 28; 32.195; 1.64529
270; 29; 32.44; 1.4375
280; 30; 32.445; 1.39534
290; 29; 32.505; 1.21243
300; 27; 32.25; 1.55483
310; 30; 32.33; 1.30042
320; 29; 32.13; 1.42587
330; 26; 31.755; 1.87216
340; 27; 31.975; 1.6954
350; 27; 32.06; 1.69894
360; 28; 31.94; 1.66625
370; 27; 32.055; 1.5786
380; 27; 32.115; 1.51716
390; 30; 32.24; 1.27765
400; 29; 32.095; 1.37331
410; 29; 32.095; 1.35867
420; 28; 32.02; 1.48983
430; 28; 31.98; 1.64609
440; 27; 32.06; 1.61753
450; 28; 32; 1.53948
460; 28; 31.92; 1.67738
470; 29; 32.105; 1.49465
480; 29; 32.005; 1.58587
490; 28; 32.21; 1.49863
500; 28; 32; 1.57162
510; 28; 31.785; 1.84629
520; 28; 31.92; 1.72151
530; 28; 31.825; 1.65662
540; 29; 31.97; 1.4863
550; 29; 32.07; 1.47143
560; 28; 32.31; 1.34681
570; 28; 31.825; 1.61381
580; 29; 31.955; 1.51756
590; 28; 31.865; 1.67534
600; 28; 31.605; 1.87323
610; 28; 31.545; 2.0562
620; 28; 31.725; 1.86263
630; 27; 31.535; 2.07094
640; 27; 31.97; 1.65804
650; 28; 32.065; 1.43554
660; 29; 32; 1.55242
670; 28; 31.63; 1.94502
680; 29; 32.135; 1.46519
690; 29; 32.12; 1.40556
700; 28; 32.035; 1.49458
710; 28; 31.87; 1.52745
720; 28; 31.795; 1.66222
730; 28; 31.99; 1.41418
740; 27; 31.84; 1.56984
750; 29; 31.945; 1.45326
760; 29; 31.99; 1.41064
770; 29; 31.905; 1.55434
780; 27; 31.86; 1.64024
790; 27; 31.875; 1.51966
800; 29; 31.815; 1.50026
810; 28; 32.085; 1.45182
820; 26; 31.385; 2.06804
830; 27; 31.845; 1.73522
840; 26; 31.77; 1.6962
850; 26; 31.535; 1.74034
860; 27; 31.63; 1.67723
870; 27; 31.785; 1.60274
880; 28; 31.64; 1.60947
890; 28; 31.455; 1.69055
900; 27; 31.365; 1.80327
910; 26; 31.08; 2.27455
920; 25; 30.95; 2.45102
930; 25; 31.04; 2.27781
940; 27; 31.645; 1.59968
950; 28; 31.565; 1.64188
960; 26; 31.9; 1.53948
970; 28; 31.555; 1.54498
980; 28; 31.56; 1.59574
990; 28; 31.8; 1.31529
1000; 28; 31.82; 1.31818
1010; 28; 31.57; 1.58591
1020; 28; 31.75; 1.31434
1030; 29; 31.705; 1.4724
1040; 25; 31.38; 1.88563
1050; 29; 31.775; 1.34327
1060; 29; 31.895; 1.23449
1070; 28; 31.68; 1.37026
1080; 28; 31.675; 1.44547
1090; 28; 31.33; 1.83606
1100; 28; 31.68; 1.46888
1110; 29; 31.74; 1.33881
1120; 29; 31.645; 1.39606
1130; 29; 31.82; 1.30675
1140; 28; 31.58; 1.68333
1150; 28; 31.59; 1.52706
1160; 26; 31.45; 1.79374
1170; 29; 31.715; 1.36886
1180; 27; 31.785; 1.44871
1190; 27; 31.74; 1.53375
1200; 28; 31.435; 1.62351
1210; 28; 31.445; 1.66041
1220; 28; 31.455; 1.59937
1230; 29; 31.34; 1.6806
1240; 27; 31.37; 1.75872
1250; 28; 31.465; 1.66396
1260; 28; 31.565; 1.6018
1270; 29; 31.695; 1.55627
1280; 29; 31.485; 1.58107
1290; 28; 31.6; 1.44222
1300; 28; 31.5; 1.56844
1310; 28; 31.47; 1.56496
1320; 28; 31.35; 1.79095
1330; 28; 31.28; 1.83891
1340; 28; 31.585; 1.61641
1350; 28; 31.555; 1.69911
1360; 28; 31.39; 1.75154
1370; 28; 31.51; 1.59684
1380; 27; 31.725; 1.60915
1390; 28; 31.665; 1.55653
1400; 28; 31.485; 1.62781
1410; 26; 31.155; 2.13564
1420; 26; 31.345; 1.9042
1430; 26; 31.395; 1.88652
1440; 27; 31.645; 1.58713
1450; 29; 31.88; 1.39485
1460; 28; 31.38; 1.9041
1470; 27; 31.26; 1.94741
1480; 27; 31.28; 1.88191
1490; 27; 31.145; 1.91937
1500; 28; 31.575; 1.59511
1510; 28; 31.605; 1.56492
1520; 28; 31.42; 1.66541
1530; 28; 31.395; 1.68196
1533; 28; 31.295; 1.71697
gen; best; avg; dev
0; 30; 33.98; 0.921737
0; 30; 33.66; 1.07443
10; 30; 33.35; 1.1565
20; 31; 33.345; 1.25139
30; 30; 33.385; 1.16909
40; 31; 33.415; 1.10126
50; 31; 33.305; 1.18827
60; 30; 33.375; 1.22245
70; 30; 33.295; 1.21983
80; 27; 32.945; 1.58176
90; 31; 33.355; 1.21201
100; 30; 33.155; 1.34572
110; 29; 33.065; 1.28482
120; 29; 32.65; 1.56764
130; 30; 32.675; 1.46948
140; 30; 32.835; 1.46553
150; 29; 32.815; 1.49692
160; 30; 32.775; 1.36908
170; 29; 32.815; 1.28093
180; 29; 32.635; 1.4703
190; 29; 32.56; 1.38795
200; 30; 32.64; 1.21672
210; 30; 32.6; 1.2083
220; 29; 32.235; 1.54265
230; 30; 32.64; 1.29244
240; 29; 32.385; 1.47877
250; 30; 32.345; 1.36601
260; 30; 32.645; 1.27631
270; 30; 32.465; 1.29181
280; 29; 32.405; 1.35314
290; 28; 32.3; 1.61245
300; 26; 31.92; 2.11036
310; 27; 31.965; 2.11749
320; 28; 32.3; 1.5906
330; 30; 32.355; 1.44878
340; 29; 32.49; 1.49997
350; 28; 32.19; 1.57921
360; 27; 31.815; 1.91853
370; 29; 32.23; 1.41672
380; 28; 32.285; 1.38339
390; 29; 32.225; 1.49812
400; 30; 32.455; 1.19079
410; 28; 32.09; 1.48051
420; 29; 32.12; 1.50187
430; 28; 31.825; 1.79565
440; 28; 31.565; 2.00643
450; 29; 32.06; 1.49546
460; 27; 31.645; 2.05888
470; 27; 31.75; 1.80208
480; 28; 31.855; 1.63828
490; 28; 31.815; 1.71195
500; 28; 31.79; 1.69879
510; 29; 31.99; 1.47983
520; 28; 31.965; 1.58549
530; 28; 31.945; 1.78381
540; 28; 31.76; 1.85537
550; 28; 31.7; 1.88944
560; 28; 31.705; 1.90472
570; 28; 31.68; 1.75146
580; 26; 31.41; 2.01789
590; 28; 31.605; 1.84092
600; 28; 31.56; 1.94844
610; 27; 31.345; 2.2172
620; 27; 31.495; 2.16332
630; 27; 31.715; 1.8878
640; 28; 31.75; 1.71099
650; 29; 31.62; 1.69576
660; 28; 31.625; 1.79844
670; 28; 31.81; 1.68342
680; 28; 31.765; 1.60617
690; 28; 31.495; 1.71755
700; 28; 31.6; 1.72627
710; 27; 31.815; 1.53648
720; 28; 31.57; 1.71904
730; 29; 31.94; 1.49546
740; 27; 31.62; 1.7423
750; 27; 31.32; 2.06097
760; 27; 31.32; 2.08988
770; 28; 31.455; 2.03666
780; 27; 31.755; 1.91963
790; 28; 32.105; 1.43665
800; 29; 32.04; 1.48607
810; 28; 32.165; 1.50591
820; 27; 31.97; 1.63985
830; 28; 31.68; 1.66661
840; 27; 31.91; 1.69467
850; 29; 31.9; 1.71464
860; 29; 31.96; 1.60574
870; 27; 31.525; 2.01975
880; 27; 31.775; 1.77042
890; 28; 31.85; 1.79095
900; 27; 31.72; 1.91353
910; 28; 31.71; 1.80441
920; 27; 31.955; 1.67122
930; 28; 31.79; 1.58931
940; 28; 31.96; 1.48943
950; 28; 31.705; 1.71697
960; 26; 31.47; 2.16081
970; 27; 31.49; 1.95957
980; 28; 31.62; 1.68095
990; 28; 31.555; 1.6754
1000; 29; 31.905; 1.26727
1010; 29; 31.81; 1.42264
1020; 28; 31.495; 1.74355
1030; 29; 31.725; 1.41045
1040; 29; 31.79; 1.34755
1050; 29; 31.67; 1.53659
1060; 28; 31.655; 1.56716
1070; 29; 31.935; 1.3307
1080; 29; 31.72; 1.41478
1090; 29; 31.62; 1.49519
1100; 28; 31.605; 1.61832
1110; 27; 31.41; 1.9344
1120; 27; 31.33; 2.01522
1130; 25; 31.345; 1.97888
1140; 28; 31.545; 1.65468
1150; 27; 31.45; 1.88613
1160; 28; 31.685; 1.68398
1170; 29; 31.7; 1.59374
1180; 28; 31.655; 1.6174
1190; 28; 31.62; 1.63573
1200; 28; 31.445; 1.81851
1210; 28; 31.765; 1.62166
1220; 28; 31.75; 1.55483
1230; 28; 31.435; 1.79047
1240; 27; 31.38; 1.90672
1250; 28; 31.53; 1.71729
1260; 29; 31.94; 1.41647
1270; 26; 31.335; 1.93204
1280; 28; 31.535; 1.74321
1290; 27; 31.24; 2.12189
1300; 27; 31.36; 2.0026
1310; 28; 31.51; 1.86008
1320; 27; 31.61; 1.82151
1330; 27; 31.56; 1.90431
1340; 28; 31.78; 1.66481
1350; 28; 31.74; 1.68
1360; 28; 31.565; 1.82915
1370; 27; 31.43; 1.91706
1380; 27; 31.54; 1.92572
1390; 28; 31.44; 2.04118
1400; 26; 31.28; 2.09084
1410; 26; 31.22; 2.09323
1420; 27; 31.735; 1.54751
1430; 28; 31.495; 1.68819
1440; 27; 31.095; 2.10142
1450; 28; 31.585; 1.76996
1460; 28; 31.22; 1.98535
1470; 27; 31.21; 2.1109
1480; 26; 31.485; 1.81928
1490; 25; 31.12; 2.14607
1500; 26; 31.56; 1.91478
1510; 28; 31.705; 1.55498
1520; 27; 31.34; 1.804
1530; 27; 31.495; 1.73204
1537; 27; 31.45; 1.79374
gen; best; avg; dev
0; 31; 33.89; 0.963276
0; 30; 33.545; 0.988926
10; 31; 33.34; 1.02684
20; 29; 32.92; 1.39771
30; 30; 33.115; 1.20074
40; 30; 33.09; 1.2377
50; 31; 33.255; 1.0488
60; 29; 32.95; 1.44135
70; 29; 33.085; 1.15662
80; 30; 32.83; 1.30426
90; 30; 32.92; 1.14612
100; 30; 32.75; 1.32947
110; 29; 32.625; 1.49812
120; 30; 32.725; 1.33393
130; 30; 32.765; 1.28832
140; 29; 32.745; 1.45944
150; 29; 32.79; 1.2907
160; 30; 32.77; 1.28728
170; 30; 32.675; 1.48976
180; 29; 32.78; 1.2929
190; 27; 32.625; 1.37273
200; 29; 32.505; 1.69999
210; 29; 32.725; 1.32641
220; 27; 32.58; 1.5012
230; 29; 32.48; 1.3891
240; 28; 32.18; 1.96662
250; 27; 32.39; 1.57731
260; 28; 32.47; 1.58717
270; 28; 32.425; 1.60449
280; 27; 32.535; 1.59021
290; 28; 32.37; 1.90869
300; 29; 32.555; 1.48895
310; 28; 32.48; 1.48983
320; 29; 32.39; 1.52575
330; 29; 32.315; 1.59868
340; 28; 32.325; 1.52295
350; 28; 32.27; 1.65139
360; 29; 32.065; 1.54944
370; 29; 32.195; 1.49231
380; 29; 31.975; 1.71008
390; 29; 32.14; 1.5331
400; 27; 31.94; 1.81008
410; 28; 32.045; 1.80914
420; 28; 31.93; 1.77626
430; 28; 31.92; 1.77302
440; 28; 31.8; 1.80278
450; 28; 31.945; 1.71813
460; 28; 31.87; 1.66826
470; 28; 31.77; 1.92278
480; 28; 31.855; 1.86922
490; 28; 32.25; 1.50582
500; 28; 32; 1.65831
510; 29; 32.13; 1.63802
520; 29; 32.04; 1.64876
530; 28; 32.005; 1.74499
540; 28; 32.125; 1.64602
550; 29; 32.005; 1.57321
560; 29; 32.26; 1.34996
570; 28; 31.95; 1.58666
580; 29; 31.855; 1.71288
590; 29; 31.915; 1.75151
600; 28; 31.745; 1.92613
610; 29; 31.86; 1.8167
620; 29; 31.955; 1.56939
630; 28; 31.9; 1.8412
640; 28; 31.79; 1.83191
650; 28; 31.8; 1.9105
660; 27; 31.91; 1.87401
670; 28; 32.145; 1.70117
680; 29; 31.805; 1.69911
690; 29; 31.975; 1.66264
700; 28; 32.09; 1.55303
710; 29; 31.925; 1.62462
720; 27; 31.735; 1.90913
730; 27; 31.645; 2.05158
740; 27; 31.485; 1.96717
750; 27; 31.6; 1.78045
760; 29; 31.525; 1.72898
770; 28; 31.595; 1.79192
780; 28; 31.325; 1.93116
790; 27; 31.595; 1.85229
800; 27; 31.31; 2.21222
810; 27; 31.365; 2.02034
820; 27; 31.595; 1.90289
830; 27; 31.545; 1.86761
840; 28; 31.82; 1.6606
850; 28; 31.73; 1.79919
860; 29; 31.765; 1.71749
870; 29; 31.77; 1.74273
880; 28; 31.635; 1.87664
890; 28; 31.45; 1.99186
900; 29; 31.81; 1.60745
910; 28; 31.65; 1.74857
920; 29; 31.64; 1.62493
930; 29; 31.625; 1.56025
940; 28; 31.425; 1.75054
950; 27; 31.505; 1.74068
960; 28; 31.645; 1.54563
970; 27; 31.555; 1.69026
980; 27; 31.485; 1.83024
990; 26; 31.47; 1.69679
1000; 28; 31.605; 1.6028
1010; 28; 31.47; 1.71438
1020; 27; 31.48; 1.69694
1030; 28; 31.625; 1.5409
1040; 28; 31.625; 1.59197
1050; 29; 31.69; 1.5375
1060; 28; 31.45; 1.71099
1070; 28; 31.465; 1.79688
1080; 29; 31.81; 1.52771
1090; 28; 31.47; 1.6368
1100; 28; 31.32; 1.79933
1110; 28; 31.185; 1.93927
1120; 28; 31.475; 1.67313
1130; 28; 31.575; 1.63229
1140; 28; 31.53; 1.8053
1150; 27; 31.565; 1.66607
1160; 27; 31.595; 1.65257
1170; 28; 31.64; 1.53961
1180; 27; 31.58; 1.80654
1190; 28; 31.725; 1.50644
1200; 27; 31.625; 1.54414
1210; 29; 31.89; 1.417
1220; 28; 31.55; 1.52561
1230; 28; 31.345; 1.69882
1240; 28; 31.45; 1.81315
1250; 27; 31.225; 1.90902
1260; 28; 31.505; 1.70293
1270; 27; 31.33; 1.79474
1280; 28; 31.14; 1.85753
1290; 26; 31.205; 1.84742
1300; 27; 31.4; 1.83576
1310; 28; 31.69; 1.63826
1320; 28; 31.33; 1.64046
1330; 27; 31.225; 1.9556
1340; 27; 31.58; 1.71278
1350; 28; 31.46; 1.76023
1360; 27; 31.165; 2.00693
1370; 27; 31.325; 2.00234
1380; 27; 31.32; 1.86751
1390; 28; 31.54; 1.69953
1400; 27; 31.075; 1.96961
1410; 27; 31.205; 2.04279
1420; 27; 31.15; 2.04878
1430; 27; 31.235; 1.90782
1440; 27; 31.24; 1.83368
1450; 27; 31.3; 1.81659
1460; 28; 31.65; 1.61787
1470; 28; 31.485; 1.60305
1480; 27; 31.165; 1.96921
1490; 27; 31; 2.08567
1500; 27; 31.14; 1.8869
1510; 27; 31.14; 1.83041
1520; 28; 31.43; 1.5922
1530; 27; 31.235; 1.90782
1534; 27; 31.565; 1.62658
gen; best; avg; dev
0; 31; 33.965; 0.955916
0; 31; 33.805; 0.962795
10; 30; 33.28; 1.26159
20; 30; 33.48; 1.02937
30; 31; 33.255; 1.15325
40; 30; 33.175; 1.29398
50; 30; 33.355; 1.1743
60; 30; 33.125; 1.38542
70; 31; 33.155; 1.19623
80; 30; 33.02; 1.3265
90; 28; 32.925; 1.57778
100; 29; 33.24; 1.1456
110; 29; 32.775; 1.6445
120; 29; 32.655; 1.67212
130; 29; 33.13; 1.26218
140; 29; 32.93; 1.4612
150; 28; 33; 1.49332
160; 29; 32.82; 1.50586
170; 29; 32.615; 1.67833
180; 29; 32.635; 1.67385
190; 29; 32.625; 1.56345
200; 30; 32.51; 1.69408
210; 30; 32.84; 1.3544
220; 29; 32.835; 1.34081
230; 30; 32.83; 1.29271
240; 30; 32.61; 1.35569
250; 29; 32.72; 1.47702
260; 29; 32.34; 1.77325
270; 29; 32.475; 1.53603
280; 30; 32.425; 1.51802
290; 28; 32.48; 1.4176
300; 30; 32.535; 1.31863
310; 29; 32.595; 1.2849
320; 29; 32.455; 1.28373
330; 28; 31.92; 1.78706
340; 29; 32.16; 1.61071
350; 28; 31.995; 1.75925
360; 28; 31.96; 1.84076
370; 28; 32.15; 1.52561
380; 27; 31.62; 2.14374
390; 28; 32.03; 1.7433
400; 28; 31.705; 1.95396
410; 28; 32.115; 1.569
420; 28; 31.945; 1.63767
430; 27; 31.635; 2.06198
440; 27; 31.6; 2.03715
450; 27; 31.49; 1.95446
460; 28; 31.6; 1.81659
470; 28; 31.59; 1.74124
480; 29; 31.715; 1.59805
490; 29; 31.705; 1.59937
500; 27; 31.63; 1.87433
510; 28; 31.64; 1.7494
520; 28; 31.52; 1.78874
530; 26; 31.505; 2.00249
540; 26; 31.56; 1.9433
550; 28; 31.625; 1.84238
560; 27; 31.215; 2.07576
570; 29; 31.715; 1.63517
580; 27; 31.35; 1.97927
590; 28; 31.62; 1.7423
600; 28; 31.57; 1.74788
610; 27; 31.22; 2.04978
620; 27; 31.625; 1.61999
630; 28; 31.8; 1.42127
640; 28; 31.6; 1.66132
650; 29; 31.8; 1.42829
660; 28; 31.44; 1.73678
670; 29; 31.56; 1.68119
680; 28; 31.92; 1.60736
690; 28; 31.43; 1.95579
700; 28; 31.775; 1.6954
710; 27; 31.53; 1.73179
720; 27; 31.49; 1.84659
730; 27; 31.425; 1.86397
740; 27; 31.72; 1.69753
750; 27; 31.105; 2.09856
760; 27; 31.6; 1.64621
770; 27; 31.165; 1.93333
780; 28; 31.755; 1.63859
790; 27; 31.32; 1.88616
800; 26; 31.425; 2.03086
810; 29; 31.83; 1.45296
820; 29; 31.915; 1.46211
830; 28; 31.73; 1.55792
840; 27; 31.81; 1.68045
850; 28; 31.795; 1.48424
860; 27; 31.355; 2.02459
870; 26; 31.47; 2.00227
880; 27; 31.35; 2.08746
890; 27; 31.44; 1.799
900; 26; 31.405; 2.03248
910; 27; 31.53; 1.81909
920; 26; 31.445; 2.01419
930; 26; 31.245; 2.11778
940; 27; 31.155; 2.22732
950; 27; 31.6; 1.81108
960; 27; 31.44; 1.93298
970; 27; 31.005; 2.33987
980; 27; 31.18; 2.19262
990; 27; 31.545; 1.85418
1000; 27; 31.605; 1.76039
1010; 27; 30.95; 2.31247
1020; 27; 31.225; 2.1058
1030; 27; 31.715; 1.57282
1040; 26; 31.56; 2.02643
1050; 25; 31.25; 2.34254
1060; 25; 31.26; 2.34359
1070; 26; 31.365; 1.99544
1080; 26; 31.375; 1.97595
1090; 26; 31.185; 2.50814
1100; 25; 31.425; 2.21909
1110; 27; 31.645; 1.80803
1120; 26; 31.94; 1.66024
1130; 26; 31.25; 2.37013
1140; 25; 30.9; 2.94618
1150; 25; 31.51; 2.38325
1160; 27; 31.67; 2.04966
1170; 27; 31.7; 2.14243
1180; 28; 31.665; 2.15935
1190; 26; 31.685; 1.99894
1200; 28; 31.865; 1.82942
1210; 28; 31.905; 1.59561
1220; 28; 31.76; 1.73274
1230; 28; 31.555; 1.81576
1240; 29; 31.825; 1.5344
1250; 28; 31.555; 1.93571
1260; 28; 31.535; 1.83814
1270; 29; 31.59; 1.72102
1280; 29; 31.74; 1.70071
1290; 28; 31.56; 1.88584
1300; 28; 31.68; 1.71977
1310; 27; 31.66; 1.79287
1320; 27; 31.97; 1.61836
1330; 27; 31.42; 1.94258
1340; 28; 31.46; 1.88902
1350; 27; 31.52; 1.96459
1360; 27; 31.285; 2.17802
1370; 27; 31.49; 2.03713
1380; 26; 31.31; 2.35455
1390; 26; 31.72; 1.88987
1400; 28; 31.795; 1.57892
1410; 28; 31.735; 1.64462
1420; 28; 31.845; 1.70029
1430; 28; 31.945; 1.46696
1440; 28; 31.75; 1.62404
1450; 28; 31.52; 1.83837
1460; 27; 31.135; 2.20834
1470; 28; 31.705; 1.63645
1480; 27; 31.435; 1.98388
1490; 28; 31.755; 1.68967
1500; 28; 31.49; 1.81105
1510; 27; 31.41; 1.86598
1520; 27; 31.59; 1.63459
1530; 26; 31.455; 1.70821
1535; 27; 31.38; 1.91196
gen; best; avg; dev
0; 31; 33.97; 0.953467
0; 31; 33.68; 0.936803
10; 31; 33.225; 1.18506
20; 31; 33.16; 1.23871
30; 30; 33.14; 1.20847
40; 31; 33.345; 1.0564
50; 30; 33.13; 1.29348
60; 29; 32.86; 1.58127
70; 29; 32.835; 1.60555
80; 30; 33.09; 1.26961
90; 31; 33.25; 1.00374
100; 31; 33.2; 1.11355
110; 31; 33.175; 1.07906
120; 31; 33.045; 1.05971
130; 31; 33.09; 1.08715
140; 31; 33.17; 1.03976
150; 31; 33.1; 0.984886
160; 30; 33.135; 1.02312
170; 29; 32.765; 1.44561
180; 29; 32.735; 1.35454
190; 30; 32.495; 1.45944
200; 30; 32.675; 1.3962
210; 29; 32.645; 1.40676
220; 29; 32.275; 1.65812
230; 29; 32.46; 1.44513
240; 29; 32.14; 1.64329
250; 28; 32.33; 1.5878
260; 29; 32.44; 1.27922
270; 29; 32.365; 1.50392
280; 30; 32.275; 1.44892
290; 29; 32.205; 1.48087
300; 28; 32.16; 1.66865
310; 29; 32.12; 1.68095
320; 28; 32.075; 1.8109
330; 27; 31.85; 1.78255
340; 29; 32.215; 1.55845
350; 29; 31.94; 1.75397
360; 29; 32.08; 1.58858
370; 29; 32.13; 1.49436
380; 28; 32.05; 1.62096
390; 29; 32.06; 1.57683
400; 28; 32.005; 1.65075
410; 28; 32.175; 1.69245
420; 28; 32.04; 1.66685
430; 29; 31.89; 1.74296
440; 28; 31.905; 1.58303
450; 28; 32.145; 1.53752
460; 27; 31.94; 1.75111
470; 27; 31.78; 1.86858
480; 29; 31.81; 1.7274
490; 27; 31.55; 2.00935
500; 27; 31.545; 1.92821
510; 28; 31.895; 1.60436
520; 27; 31.575; 1.88531
530; 28; 31.97; 1.41743
540; 28; 31.905; 1.47512
550; 28; 31.96; 1.58695
560; 27; 31.85; 1.68152
570; 28; 31.7; 1.81384
580; 28; 31.86; 1.77494
590; 28; 31.685; 1.84276
600; 29; 31.87; 1.6196
610; 28; 31.725; 1.72028
620; 28; 31.755; 1.69852
630; 28; 31.5; 1.79722
640; 26; 31.67; 1.88709
650; 27; 31.255; 2.13541
660; 27; 31.46; 1.93091
670; 27; 31.605; 1.82181
680; 28; 31.51; 1.84388
690; 29; 31.835; 1.5836
700; 28; 31.725; 1.60293
710; 27; 31.835; 1.61486
720; 27; 31.6; 2.01246
730; 27; 31.545; 1.71697
740; 28; 31.645; 1.75755
750; 28; 31.535; 1.82723
760; 29; 31.9; 1.53297
770; 29; 31.565; 1.7366
780; 28; 31.585; 1.73285
790; 28; 31.775; 1.58568
800; 28; 31.61; 1.63031
810; 26; 31.145; 2.23248
820; 26; 31.39; 2.12318
830; 26; 31.52; 1.91301
840; 28; 31.585; 1.54038
850; 26; 31.215; 1.85978
860; 27; 31.3; 1.79165
870; 27; 31.065; 2.0275
880; 28; 31.235; 1.82477
890; 27; 31.3; 1.92873
900; 28; 31.435; 1.63272
910; 28; 31.165; 1.93333
920; 28; 31.33; 1.65864
930; 29; 31.46; 1.45547
940; 28; 31.53; 1.49302
950; 29; 31.62; 1.58606
960; 27; 31.185; 1.84141
970; 28; 31.41; 1.57223
980; 29; 31.49; 1.51324
990; 28; 31.125; 1.72609
1000; 29; 31.44; 1.58947
1010; 27; 31.19; 1.77592
1020; 28; 31.2; 1.79444
1030; 27; 31.42; 1.68926
1040; 27; 30.95; 1.941
1050; 27; 31.205; 1.93468
1060; 27; 31.355; 1.94653
1070; 27; 31.47; 1.83278
1080; 28; 31.405; 1.82783
1090; 27; 31.295; 1.80775
1100; 28; 31.325; 1.83831
1110; 27; 31.035; 2.1503
1120; 27; 31.295; 1.89947
1130; 27; 31.435; 1.71341
1140; 27; 31.12; 2.08221
1150; 27; 31.24; 2.22315
1160; 25; 31.37; 2.05502
1170; 27; 31.425; 1.86128
1180; 27; 31.635; 1.60679
1190; 27; 31.33; 1.84692
1200; 27; 31.22; 2.01782
1210; 28; 31.375; 1.88531
1220; 27; 31.565; 1.6899
1230; 26; 30.995; 2.11778
1240; 28; 31.26; 1.72986
1250; 28; 31.495; 1.59999
1260; 27; 31.345; 1.728
1270; 26; 31.46; 1.69953
1280; 27; 31.35; 1.65151
1290; 28; 31.67; 1.51694
1300; 28; 31.585; 1.65613
1310; 28; 31.92; 1.71569
1320; 28; 31.64; 1.79176
1330; 27; 31.485; 1.81653
1340; 27; 31.44; 1.95867
1350; 26; 31.165; 2.1066
1360; 26; 31.175; 1.81779
1370; 27; 31.305; 1.72394
1380; 28; 31.425; 1.86665
1390; 28; 31.485; 1.5779
1400; 29; 31.575; 1.70129
1410; 27; 31.39; 1.72276
1420; 28; 31.8; 1.53623
1430; 28; 31.72; 1.58795
1440; 26; 31.725; 1.56505
1450; 26; 31.74; 1.5819
1460; 27; 31.555; 1.67838
1470; 27; 31.21; 2.0263
1480; 27; 31.075; 2.17931
1490; 27; 31.285; 2.07696
1500; 26; 31.395; 1.91023
1510; 25; 30.92; 2.32671
1520; 26; 31.01; 2.24051
1530; 26; 31.19; 2.05034
1539; 26; 31.21; 1.98139
