gen; best; worst; avg
0; -23768.9; -47213; -33323.1
0; -23178.6; -51797; -32178.2
10; -16013; -48406.8; -31231.5
20; -16013; -43543.6; -30988.6
30; -16013; -45289.6; -30894.1
40; -14881.6; -43395.9; -30866.2
50; -14881.6; -43991.9; -30757.4
60; -13911.8; -44613.7; -30693
70; -13338.7; -44613.7; -30578.9
80; -13338.7; -45786.4; -30649.9
90; -13338.7; -44760.2; -30863.9
100; -12618.5; -44760.2; -30898
110; -12427.3; -44009.3; -30856.7
120; -12289.5; -42631.6; -30415.7
130; -12016.4; -42183.8; -30687.2
140; -11488.9; -43174.7; -30414.5
150; -11260.2; -41323; -30237
160; -11163.2; -42891.6; -30190.8
170; -11163.2; -43296.3; -30140.8
180; -11163.2; -43296.3; -30028.3
190; -11105.7; -45734.1; -29996.7
200; -11098.1; -47782.6; -30133
210; -11098.1; -45246.8; -30099.8
220; -11076; -48515.7; -30115.5
230; -10803.3; -41467; -29917.1
240; -10787.8; -43746.6; -29936.9
250; -10659.4; -41467; -30055.5
260; -10659.4; -41467; -30103
270; -10659.4; -42559.3; -30261.6
280; -10659.4; -42559.3; -30392.2
290; -10659.4; -42559.3; -30166.8
300; -10659.4; -41902.6; -30338.2
310; -10537.9; -42183.5; -30324.3
320; -10294.5; -42207; -30367.3
330; -10294.5; -44940.6; -30373.6
340; -10028.5; -44137.9; -30428.4
350; -9669.58; -47059.2; -30526.5
360; -9433.57; -47446.1; -30274.1
370; -9433.57; -46720.7; -30491.5
380; -9027.63; -47335.6; -30499.9
390; -9027.63; -43637.5; -30185.5
400; -9027.63; -47119.1; -30306.1
410; -8936.32; -45396.4; -30511.2
420; -8936.32; -44801.8; -30346
430; -8936.32; -44514.9; -30198.4
440; -8936.32; -44305.2; -30130.6
450; -8735.31; -44305.2; -29942.1
460; -8361.25; -43802.9; -29986
470; -8361.25; -44258.7; -29929.6
480; -8298.79; -44883.7; -30123.7
490; -6701.71; -44883.7; -30382.3
500; -6701.71; -44883.7; -30004.6
510; -6701.71; -45876.7; -29970.4
520; -6701.71; -45285.8; -30229.4
530; -6701.71; -44442.3; -30416
540; -6701.71; -42985.5; -30218
550; -6701.71; -42985.5; -30097
560; -5923.99; -43552.3; -29967.6
570; -5923.99; -46245; -29940.2
580; -5767.39; -45637; -30136.8
590; -5767.39; -42348.8; -30263.2
600; -5767.39; -42348.8; -30135.3
610; -5746.09; -42348.8; -30269
620; -5666.73; -42283.1; -30147.6
630; -5666.73; -44640.3; -30019.5
640; -4914.94; -44640.3; -30002.1
650; -4914.94; -44640.3; -30184.4
660; -4914.94; -44241.3; -30163
670; -4705.83; -42738.4; -30103.2
680; -4705.83; -44131.1; -29945.9
690; -4323.45; -44530.3; -29859.8
700; -4323.45; -44980.7; -29897.9
710; -4323.45; -44834.2; -29717
720; -4323.45; -44372.2; -29892.3
730; -4323.45; -47138.2; -30014.8
740; -4323.45; -45552.9; -29948.3
750; -4323.45; -46194.1; -30129.2
760; -3957.99; -42812.9; -29856.7
770; -3957.99; -45544.8; -29873.2
780; -3450.95; -45544.8; -29946.2
790; -3032.21; -45150.9; -30055.5
800; -3032.21; -46828.1; -30389.6
810; -3032.21; -45785.6; -30345.8
820; -3015.07; -46193.1; -30184.8
830; -3015.07; -45107.9; -30015.9
840; -3015.07; -44894.7; -30241.1
850; -2790.29; -44894.7; -30079
860; -2790.29; -44572.5; -30129.7
870; -2790.29; -45210.4; -30100.7
880; -2790.29; -45210.4; -30253.3
890; -2790.29; -44487; -30582.6
900; -2790.29; -43786.5; -30328.5
910; -2790.29; -43416.5; -30267
920; -2790.29; -43407.1; -29956.1
930; -2161.66; -43581.9; -29957.4
940; -2110.76; -43690.8; -30091.2
950; -2110.76; -47599.2; -30328.2
960; -2110.76; -48314.1; -30013.3
970; -1640.8; -42800; -29799.8
980; -1609.74; -42009.8; -29718.9
990; -1609.74; -41735.9; -29565.3
1000; -1609.74; -41735.9; -29579.2
1010; -1567.09; -44187.9; -29814.3
1020; -1567.09; -44187.9; -30040.8
1030; -1567.09; -44865.1; -30125
1040; -1567.09; -44865.1; -30162.6
1050; -1567.09; -44865.1; -30213.8
1060; -1567.09; -44587.8; -30247.6
1070; -1567.09; -44587.8; -30079.6
1080; -1567.09; -44587.8; -30095.7
1090; -1567.09; -44587.8; -29963.5
1100; -1567.09; -42914.6; -29898
1110; -1269.43; -41985.7; -29724
1120; -1269.43; -42899.3; -29612.9
1130; -1269.43; -47423; -29909.9
1140; -1269.43; -47711.3; -29537.6
1150; -1269.43; -45659; -29756
1160; -1269.43; -44247.2; -29687.4
1170; -1269.43; -41714; -29388.8
1180; -1269.43; -41681.9; -29540.5
1190; -1269.43; -41437.7; -29708.5
1200; -1269.43; -41588.8; -29942.1
1210; -1269.43; -42376.4; -29716.4
1220; -1189.13; -42376.4; -29794.6
1230; -1189.13; -42376.4; -29507
1240; -1189.13; -45891.5; -29777
1250; -1189.13; -41478.5; -29779.1
1260; -1152.6; -44749.8; -29625.7
1270; -1152.6; -43966.8; -29637.1
1280; -1152.6; -42670.8; -29613.4
1290; -1152.6; -44187.5; -29738.4
1300; -1152.6; -45277.3; -29991
1310; -1152.6; -47085.1; -30104.8
1320; -1152.6; -45277.3; -30257.1
1330; -676.6; -46787.8; -30048.9
1340; -676.6; -46793.8; -30066.1
1350; -676.6; -47117.4; -30030.1
1360; -676.6; -48200.2; -30231.2
1370; -676.6; -46864.9; -29667.1
1380; -676.6; -45218.2; -29802.7
1390; -676.6; -45520; -29662.1
1400; -437.649; -45623.1; -29919.4
1410; -437.649; -45623.1; -30095.1
1420; -437.649; -46761.9; -30101.7
1430; -437.649; -46199.5; -30020
1440; -437.649; -44352.8; -29761.4
1450; -437.649; -42287.4; -29973.5
1460; -437.649; -44512.3; -30044.5
1470; -437.649; -45600.9; -30091.6
1480; -437.649; -45112.3; -29872.8
1490; -437.649; -45112.3; -30010.5
1500; -437.649; -45112.3; -29944.2
1510; -437.649; -45112.3; -29671.1
1520; -337.078; -44765.3; -29732.3
1530; -337.078; -46599.8; -29943.8
1540; -337.078; -45032.8; -29977.5
1550; -337.078; -44679.6; -29904.5
1560; -337.078; -44332.7; -29933
1570; -337.078; -44332.7; -30320
1580; -337.078; -45574.9; -30186
1590; -337.078; -45980.4; -29838.3
1600; -337.078; -45980.4; -29883.8
1610; -337.078; -45880.3; -29605.4
1620; -337.078; -46215; -29728.4
1630; -337.078; -46153.3; -29926.7
1640; -337.078; -46498.5; -29794.1
1650; -337.078; -43806; -29813.2
1660; -337.078; -43806; -29728.9
1670; -337.078; -44193.3; -29794.5
1680; -337.078; -44193.3; -29775.2
1690; -337.078; -43336.6; -29670.7
1700; -337.078; -43336.6; -29992.9
1710; -337.078; -43336.6; -29616.6
1720; -337.078; -43336.6; -29825.5
1730; -337.078; -44815.8; -29824.9
1740; -128.978; -45157.6; -29604.8
1750; -128.978; -44945.7; -29941.2
1760; -128.978; -45848.7; -29946.7
1770; -128.978; -45848.7; -30037.7
1780; -128.978; -45848.7; -30333
1790; -128.978; -43888.2; -30102.8
1800; -128.978; -46145.7; -30192.6
1810; -128.978; -43874.5; -30124.4
1820; -128.978; -44103.4; -30051.4
1830; -128.978; -42686; -29890.7
1840; -119.77; -42948.1; -30013.8
1850; -119.77; -46488.2; -29867
1860; -119.77; -47350.9; -30097.8
1870; -119.77; -47350.9; -30024.4
1880; -119.77; -47350.9; -29992.3
1890; -119.77; -49225.8; -30245.6
1900; -119.77; -49225.8; -30251.6
1910; -119.77; -49225.8; -30246.9
1920; -39.993; -49225.8; -30106.6
1930; -39.993; -47264.3; -30054.4
1940; -39.993; -50115.4; -29996.7
1950; -39.993; -50115.4; -30043.1
1960; -39.993; -49015.1; -30262.7
1970; -39.993; -48571.7; -30248.2
1980; -39.993; -48571.7; -29996.6
1990; -39.993; -48571.7; -30041.2
2000; -39.993; -48571.7; -30245.6
2010; -39.993; -48571.7; -30189.6
2020; -39.993; -49475.1; -30159.2
2030; -39.993; -49475.1; -30062.8
2040; -39.993; -48749.8; -30200.9
2050; -39.993; -49986.1; -30239.9
2060; -39.993; -49986.1; -29952.8
2070; -19.5885; -49986.1; -30015.8
2080; -19.5885; -47638; -29873.5
2090; -19.5885; -44476.3; -29604.5
2100; -19.5885; -45239.2; -29689.6
2110; -19.5885; -45239.2; -29711.1
2120; -19.5885; -45302.9; -29691.4
2130; -19.5885; -45084.7; -29627.8
2140; -19.5885; -45084.7; -30250.9
2150; -19.5885; -45084.7; -30116.7
2160; -19.5885; -45084.7; -30092.3
2170; -19.5885; -44031.8; -30496
2180; -19.5885; -43025.5; -30189.1
2190; -19.5885; -46466; -30107.4
2200; -19.5885; -42638.8; -30333.5
2210; -19.5885; -44028; -30367.5
2220; -19.5885; -44028; -30463.1
2230; -19.5885; -44999; -30381.1
2240; -19.5885; -42862.7; -30025.7
2250; -19.5885; -45729.2; -30241.7
2260; -19.5885; -46943.5; -30283.6
2270; -19.5885; -43497.3; -30086.3
2280; -19.5885; -43497.3; -30124.2
2290; -19.5885; -45022.1; -30461.2
2300; -19.5885; -46136.7; -30411
2310; -19.5885; -46136.7; -30605.3
2320; -19.5885; -44183.1; -30759.6
2330; -19.5885; -43422.2; -30590.1
2340; -19.5885; -44252.9; -30296.1
2350; -19.5885; -42858.5; -30401.1
2360; -19.5885; -42534.3; -30217.3
2370; -19.5885; -42552.6; -30205.4
2380; -19.5885; -44066.9; -30121
2390; -19.5885; -44066.9; -30134.7
2400; 30.9746; -44574.5; -30138.6
2410; 30.9746; -49369.8; -30112.5
2420; 30.9746; -49369.8; -30150.4
2430; 30.9746; -51406.5; -30050.2
2440; 30.9746; -51406.5; -29946.8
2450; 30.9746; -51406.5; -30190.2
2460; 30.9746; -51406.5; -30209.6
2470; 30.9746; -51406.5; -30017.7
2480; 30.9746; -51406.5; -29945.3
2490; 30.9746; -51406.5; -30063
2500; 30.9746; -51406.5; -30019.4
2510; 30.9746; -45146.7; -30156.3
2520; 30.9746; -45146.7; -30232.5
2530; 30.9746; -44243.7; -30027.2
2540; 30.9746; -41571; -30092.6
2550; 30.9746; -42289.4; -29936.3
2560; 30.9746; -46541; -29788
2570; 30.9746; -42918.9; -29700.8
2580; 30.9746; -44851.3; -29986
2590; 30.9746; -44851.3; -29919.9
2600; 30.9746; -44851.3; -30047.3
2610; 30.9746; -44851.3; -30186.8
2620; 30.9746; -44941.3; -29686.2
2630; 30.9746; -44816.2; -29966.6
2640; 30.9746; -44869.5; -30197
2650; 30.9746; -43194.7; -30087.2
2660; 30.9746; -43194.7; -30292.2
2670; 30.9746; -42388.7; -29947.5
2680; 30.9746; -42388.7; -30187.5
2690; 30.9746; -45140.5; -30257.1
2700; 30.9746; -45597.4; -30084.7
2710; 30.9746; -45296.1; -30141.3
2720; 30.9746; -46908.2; -30283.7
2730; 30.9746; -46908.2; -30285.9
2740; 30.9746; -43660.3; -30378.5
2750; 30.9746; -46060.7; -30503.5
2760; 30.9746; -46060.7; -30200
2770; 30.9746; -45469.7; -30172.6
2780; 30.9746; -45469.7; -29811.5
2790; 94.0225; -44575.3; -29679.7
2800; 94.0225; -45784.3; -29788.5
2810; 94.0225; -45784.3; -30008.3
2820; 136.232; -44941.3; -29854.7
2830; 136.232; -44941.3; -29764.9
2840; 136.232; -45023.2; -29956.8
2850; 136.232; -45023.2; -29664.7
2860; 136.232; -45575.1; -29851.2
2870; 136.232; -45575.1; -29715.8
2880; 136.232; -45669.1; -29644.4
2890; 400.318; -45669.1; -29355.4
2900; 400.318; -43887.2; -29366.2
2910; 400.318; -42024.5; -29250.9
2920; 400.318; -44390.4; -29105.4
2930; 400.318; -46049.7; -29304.9
2940; 400.318; -46049.7; -29574.9
2950; 400.318; -43960.6; -29451.3
2960; 400.318; -44163.5; -29715.1
2970; 400.318; -43960.6; -29312.1
2980; 400.318; -43960.6; -29169.7
2990; 400.318; -43960.6; -29107
3000; 400.318; -46132.2; -29141.9
3010; 400.318; -42957; -29114.7
3020; 418.868; -45149.2; -29479.9
3030; 418.868; -46262.5; -29168.2
3040; 418.868; -41898.3; -29329.1
3050; 418.868; -45221.2; -29709.3
3060; 418.868; -44570.6; -29796.9
3070; 430.396; -44851.3; -29967.9
3080; 430.396; -44817.4; -29792.6
3090; 430.396; -44274.1; -29865.4
3100; 430.396; -44274.1; -29972.7
3110; 430.396; -41719.6; -29914
3120; 430.396; -41271.8; -29788.6
3130; 430.396; -41271.8; -29710
3140; 430.396; -42836.8; -29847.8
3150; 430.396; -43865.8; -29823.4
3160; 430.396; -41917.1; -29551.2
3170; 430.396; -43098; -29732
3180; 430.396; -43098; -29781.6
3190; 430.396; -42134.2; -29876.6
3200; 430.396; -41992.6; -29813.5
3210; 430.396; -50225.9; -29848.3
3220; 430.396; -50225.9; -29777.2
3230; 430.396; -50612.6; -29913.4
3240; 430.396; -50612.6; -29989.3
3250; 430.396; -50612.6; -30094.9
3260; 430.396; -50612.6; -30068.4
3270; 430.396; -50612.6; -30146.1
3280; 430.396; -50612.6; -29868.3
3290; 430.396; -51433.9; -30116
3300; 430.396; -51433.9; -29848.6
3310; 430.396; -51433.9; -29976.2
3320; 430.396; -50579.1; -30001.7
3330; 430.396; -50579.1; -30083
3340; 430.396; -45301.3; -29763.5
3350; 430.396; -44115.6; -29445.9
3360; 430.396; -44115.6; -29571.8
3370; 430.396; -44115.6; -29758.5
3380; 430.396; -44115.6; -29730.3
3390; 430.396; -43893.9; -29957.4
3400; 430.396; -44430.3; -29922.8
3410; 430.396; -43107.3; -29829.2
3420; 430.396; -44626.9; -29849.3
3430; 430.396; -45431; -30057.8
3440; 430.396; -45431; -29805.1
3450; 430.396; -45481.5; -29895.2
3460; 430.396; -45481.5; -29641.5
3470; 430.396; -45481.5; -29726.9
3480; 430.396; -43127.3; -29832.6
3490; 430.396; -43035.5; -29906.9
3500; 430.396; -43756.2; -29808
3510; 430.396; -51905.6; -29661.5
3520; 430.396; -44860.6; -29619.6
3530; 430.396; -45117.8; -29761.5
3540; 430.396; -44713.4; -29909.3
3550; 430.396; -45200.4; -29971.8
3560; 430.396; -47711.8; -30111.4
3570; 430.396; -47711.8; -30216.4
3580; 430.396; -42266.8; -30085.5
3590; 430.396; -47133.1; -30273.3
3600; 430.396; -44240.8; -30199.2
3610; 430.396; -49809.9; -30402.7
3620; 430.396; -49809.9; -30372.1
3630; 430.396; -45594.6; -30234.3
3640; 430.396; -43819.5; -30306
3650; 430.396; -46118.3; -30088.3
3660; 430.396; -46118.3; -30301.1
3670; 430.396; -46118.3; -30207.5
3680; 430.396; -45975.8; -30269.5
3690; 448.459; -46664.5; -30048.6
3700; 448.459; -45021.2; -29913.8
3710; 448.459; -44471.9; -29486.8
3720; 448.459; -44471.9; -29453.5
3730; 448.459; -44087.5; -29656.9
3740; 448.459; -42352.6; -29561.7
3750; 448.459; -41394.6; -29505.9
3760; 448.459; -44328.2; -29527.1
3770; 448.459; -41613.7; -29839.9
3780; 448.459; -43234.5; -29941.6
3790; 448.459; -43234.5; -30199.3
3800; 448.459; -42419.8; -29997.5
3810; 448.459; -43132.1; -29859
3820; 448.459; -43389.4; -29933.2
3830; 448.459; -42718.7; -29831.9
3840; 448.459; -43119.4; -29925.4
3850; 448.459; -43507.2; -30145.4
3860; 448.459; -44114; -30443.3
3870; 448.459; -44114; -30081.4
3880; 448.459; -44114; -30213.3
3890; 448.459; -44340.7; -30267.4
3900; 448.459; -49707.2; -30218.8
3910; 448.459; -49707.2; -29980.1
3920; 448.459; -50722.3; -29592.8
3930; 448.459; -52046.4; -29450.4
3940; 448.459; -51893.3; -29799.9
3950; 448.459; -51893.3; -29786.1
3960; 448.459; -51893.3; -29770.2
3970; 448.459; -51893.3; -30070.7
3980; 448.459; -50029.3; -29902.8
3990; 448.459; -46446.6; -30020.1
4000; 448.459; -44991.5; -29926.2
4010; 448.459; -45179; -29756.4
4020; 448.459; -43499.8; -29604.2
4030; 448.459; -44361.1; -29874.4
4040; 448.459; -44361.1; -29806.5
4050; 448.459; -42569.7; -29783.5
4060; 448.459; -41680.4; -29534.2
4070; 448.459; -43552.1; -29524.6
4080; 448.459; -43552.1; -29705.8
4090; 560.388; -42441.6; -29716.3
4100; 560.388; -42466.4; -29834
4110; 560.388; -42668.1; -29856.1
4120; 560.388; -42461.8; -29936.8
4130; 560.388; -42799.8; -29930.6
4140; 560.388; -43961.2; -30112.9
4150; 560.388; -43961.2; -30197.4
4160; 560.388; -44543.8; -29983.4
4170; 560.388; -44543.8; -29951.7
4180; 596.898; -42837.4; -29973.2
4190; 596.898; -43301.1; -29953.9
4200; 627.209; -43460.4; -30052.6
4210; 627.209; -43460.4; -29941.8
4220; 678.651; -43223.4; -29736.5
4230; 770.81; -43523.3; -29629.2
4240; 770.81; -41326.5; -29479
4250; 770.81; -43759.3; -29431.3
4260; 770.81; -42424.2; -29575.5
4270; 861.641; -45797.7; -29825.2
4280; 861.641; -41671.2; -29670.3
4290; 861.641; -42547.2; -29817.9
4300; 861.641; -42547.2; -29708.5
4310; 1259.39; -41837.2; -29583.3
4320; 1259.39; -41647.7; -29600.5
4330; 1259.39; -43700.7; -29777.9
4340; 1370.88; -43598.1; -29861.8
4350; 1370.88; -42998.8; -29738.7
4360; 1370.88; -42998.8; -29749.4
4370; 1370.88; -43594; -29626.1
4380; 1370.88; -43290.4; -29559.9
4390; 1491.17; -44419.9; -29499.1
4400; 1528.02; -46501.7; -29475.5
4410; 1528.02; -43849.5; -29362.8
4420; 1528.02; -43849.5; -29404.6
4430; 1528.02; -43460; -29632.6
4440; 1528.02; -43136.7; -29501.3
4450; 1528.02; -45092; -29625.7
4460; 1528.02; -45092; -29499.7
4470; 1528.02; -44672.6; -29511.1
4480; 1528.02; -44629.5; -29399
4490; 1528.02; -44887.1; -29604.2
4500; 1528.02; -44887.1; -29712
4510; 1528.02; -44847.8; -29686.8
4520; 1528.02; -43594; -29740.1
4530; 1528.02; -43594; -29924.9
4540; 1528.02; -44425.2; -29877.7
4550; 1528.02; -44425.2; -30017
4560; 1528.02; -44509.4; -29987.6
4570; 1528.02; -43361.8; -29775.7
4580; 1528.02; -43361.8; -29745.9
4590; 1528.02; -44433.8; -29685.7
4600; 1528.02; -45227.4; -29761.8
4610; 1528.02; -45227.4; -29633.6
4620; 1528.02; -44635.2; -29727.6
4630; 1528.02; -44466.1; -29607.6
4640; 1528.02; -44169.4; -29783.3
4650; 1528.02; -46915.5; -29684
4660; 1528.02; -46915.5; -29932.3
4670; 1528.02; -46466.5; -29974.4
4680; 1528.02; -45600.7; -29605.7
4690; 1528.02; -44276.9; -29448
4700; 1528.02; -44449.2; -29529
4710; 1528.02; -42444.7; -29526.6
4720; 1528.02; -46174.5; -29682.6
4730; 1528.02; -44150.5; -29261.3
4740; 1528.02; -43351.6; -29294.8
4750; 1528.02; -43507; -29491.6
4760; 1528.02; -43507; -29342.8
4770; 1528.02; -42884.2; -29155.8
4780; 1528.02; -42884.2; -29128.8
4790; 1528.02; -45200; -29148.3
4800; 1528.02; -46053.1; -28989.4
4810; 1528.02; -44744.7; -29398.2
4820; 1528.02; -41035.9; -29297.2
4830; 1528.02; -40765.1; -29114.3
4840; 1528.02; -41791.9; -29346.6
4850; 1528.02; -41633.4; -29374.8
4860; 2127.44; -41418; -29396.4
4870; 2127.44; -41874.4; -29423.3
4880; 2127.44; -42189.7; -29442.8
4890; 2127.44; -46278.6; -29439.2
4900; 2127.44; -42744.4; -29750
4910; 2127.44; -41688.7; -29800.8
4920; 2127.44; -41757.5; -29473.1
4930; 2127.44; -43254.1; -29300.2
4940; 2127.44; -43031.3; -29133.5
4950; 2127.44; -44751.8; -29169
4960; 2127.44; -44751.8; -29141.8
4970; 2127.44; -45523.1; -29083.2
4980; 2127.44; -45030.1; -29468.9
4990; 2127.44; -44667.5; -29509.8
5000; 2127.44; -44586.7; -29469.2
5010; 2127.44; -43890.3; -29622.9
5020; 2127.44; -43890.3; -29164.3
5030; 2138.62; -43890.3; -29261.7
5040; 2138.62; -44492.6; -29391
5050; 2138.62; -44492.6; -29337.7
5060; 2138.62; -42269.9; -29468
5070; 2138.62; -42222.6; -29506.7
5080; 2138.62; -45156.1; -29408.5
5090; 2138.62; -47714.3; -29276.8
5100; 2138.62; -44036.2; -29465.7
5110; 2138.62; -44036.2; -29487.4
5120; 2138.62; -43316.2; -29565.6
5130; 2138.62; -44217.4; -29587.6
5140; 2138.62; -44602.3; -29570.2
5150; 2138.62; -43483.2; -29825
5160; 2138.62; -45064.2; -29721.2
5170; 2138.62; -45064.2; -29314.4
5180; 2138.62; -44055.5; -29489.9
5190; 2138.62; -44055.5; -29588.3
5200; 2138.62; -43892.9; -29619.8
5210; 2138.62; -43073.3; -29525.5
5220; 2138.62; -46342.4; -29752.5
5230; 2138.62; -46342.4; -29673.3
5240; 2138.62; -45086.5; -29738.9
5250; 2138.62; -44091.8; -29630.7
5260; 2138.62; -43489.1; -29613.8
5270; 2138.62; -43187.7; -29555.8
5280; 2138.62; -44501.3; -29537.3
5290; 2233.01; -42521.1; -29309.1
5300; 2233.01; -44009.2; -29293.2
5310; 2233.01; -42166.6; -29054.4
5320; 2233.01; -42361; -29205.4
5330; 2233.01; -44951.4; -29191.9
5340; 2233.01; -47558.3; -29128.3
5350; 2233.01; -43019; -29519
5360; 2233.01; -43682.1; -29403.1
5370; 2233.01; -43682.1; -29183.6
5380; 2233.01; -46062.2; -29381.1
5390; 2233.01; -46101.4; -29171.9
5400; 2233.01; -43056; -29193.2
5410; 2233.01; -46059.3; -29351.3
5420; 2233.01; -43513.7; -29306.9
5430; 2233.01; -43513.7; -29174.6
5440; 2233.01; -44844.3; -29356.6
5450; 2233.01; -42407.2; -29266.6
5460; 2436.72; -44206.6; -29207.3
5470; 2436.72; -44206.6; -29234.7
5480; 2436.72; -44121.2; -29273.4
5490; 2436.72; -44188.7; -29267.8
5500; 2436.72; -44188.7; -29190.1
5510; 2436.72; -44188.7; -29172.5
5520; 2436.72; -44188.7; -29412.7
5530; 2436.72; -45492.3; -29406.2
5540; 2436.72; -43644.5; -29279.8
5550; 2436.72; -43644.5; -29719.3
5560; 2436.72; -44092; -29374.3
5570; 2436.72; -42902.7; -29647.5
5580; 2436.72; -43514.8; -29462.5
5590; 2436.72; -44991.4; -29820.8
5600; 2543.18; -44991.4; -29966.1
5610; 2543.18; -45546.2; -29736.2
5620; 2543.18; -44219.6; -29606.6
5630; 2543.18; -43390.5; -29576.2
5640; 2543.18; -43390.5; -29128.7
5650; 2543.18; -42856.9; -29154.1
5660; 2543.18; -44752.4; -29151.1
5670; 2543.18; -45355.6; -29181.9
5680; 2543.18; -42740.8; -29465.4
5690; 2543.18; -45763.1; -29646.9
5700; 2543.18; -42740.8; -29679.2
5710; 2543.18; -42765.5; -29442.8
5720; 2543.18; -43175.2; -29666.8
5730; 2543.18; -41906.2; -29276.5
5740; 2543.18; -42248.3; -29572.4
5750; 2543.18; -41346.7; -29523.5
5760; 2543.18; -42551.9; -29319.5
5770; 2543.18; -41793.1; -29238.3
5780; 2543.18; -41793.1; -29115.5
5790; 2543.18; -42404.6; -28958.7
5800; 2543.18; -42371.6; -28920.9
5810; 2543.18; -42641.2; -29151.5
5820; 2543.18; -44324.9; -28964.4
5830; 2543.18; -44324.9; -29322.3
5840; 2543.18; -45482; -29706.9
5850; 2543.18; -44377.3; -29552.4
5860; 2543.18; -44377.3; -29653.2
5870; 2543.18; -44377.3; -29847
5880; 2543.18; -44377.3; -29649.6
5890; 2543.18; -44061.2; -29743.2
5900; 2543.18; -44061.2; -29355.2
5910; 2543.18; -44112.6; -29255.3
5920; 2543.18; -44112.6; -29580.1
5930; 2543.18; -43437.4; -29404.6
5940; 2543.18; -42160.2; -29140.7
5950; 2543.18; -42160.2; -29346.6
5960; 2543.18; -42160.2; -29146.9
5970; 2543.18; -42552.7; -29343.8
5980; 2543.18; -42552.7; -29177.6
5990; 2543.18; -42471.5; -29003.2
6000; 2543.18; -43545; -29086.7
6010; 2543.18; -43545; -29281
6020; 2543.18; -43545; -29355
6030; 2543.18; -45342; -29369.7
6040; 2543.18; -45342; -29553.7
6050; 2543.18; -46173; -29635.1
6060; 2543.18; -46173; -29581.5
6070; 2543.18; -45211.9; -29147.6
6080; 2543.18; -42999.1; -28997.9
6090; 2543.18; -42999.1; -29346.4
6100; 2543.18; -42999.1; -29827.3
6110; 2543.18; -44277.8; -29524.8
6120; 2543.18; -43309; -29295.5
6130; 2543.18; -43309; -29437.6
6140; 2543.18; -43372.6; -29375.1
6150; 2543.18; -43615; -29286.3
6160; 2543.18; -43615; -29322.1
6170; 2543.18; -44087.4; -29601.6
6180; 2543.18; -43171; -29851.4
6190; 2543.18; -42607.8; -29694.7
6200; 2543.18; -43003.4; -29806.1
6210; 2543.18; -44351.6; -29907.1
6220; 2543.18; -45740.1; -29734.7
6230; 2543.18; -45740.1; -29845.5
6240; 2543.18; -44997.3; -29642.6
6250; 2543.18; -44997.3; -29587.6
6260; 2543.18; -45074.6; -29492.2
6270; 2543.18; -44706.7; -29381.4
6280; 2543.18; -44389.5; -29217.8
6290; 2543.18; -44389.5; -29188.3
6300; 2543.18; -44129.8; -28958.8
6310; 2543.18; -44607.6; -29057.8
6320; 2543.18; -44135.8; -29292.6
6330; 2543.18; -43882.3; -29265.1
6340; 2543.18; -46167.6; -29223.4
6350; 2543.18; -46167.6; -29529.3
6360; 2543.18; -46167.6; -29481.2
6370; 2543.18; -46167.6; -29252.3
6380; 2543.18; -46167.6; -29215.5
6390; 2543.18; -46717.5; -29182.9
6400; 2543.18; -46247.9; -29107.6
6410; 2543.18; -46247.9; -29338.3
6420; 2543.18; -46336.6; -29384.2
6430; 2543.18; -46336.6; -29566.9
6440; 2543.18; -46194.7; -29323.5
6450; 2543.18; -46126.5; -29599.1
6460; 2543.18; -46126.5; -29476.1
6470; 2543.18; -46126.5; -29669.9
6480; 2543.18; -46126.5; -29909.4
6490; 2543.18; -46126.5; -29895.1
6500; 2543.18; -44922; -29474.4
6510; 2543.18; -44922; -29478.1
6520; 2543.18; -44922; -29534.5
6530; 2543.18; -44922; -29590.5
6540; 2543.18; -43471.5; -29535.8
6550; 2543.18; -43832.4; -29329.6
6560; 2543.18; -43430; -29195.7
6570; 2543.18; -43430; -29404
6580; 2543.18; -45539; -29254.8
6590; 2543.18; -42400.6; -29199.7
6600; 2543.18; -42787.2; -29221.4
6610; 2543.18; -42974.2; -29535.1
6620; 2543.18; -44358.9; -29569.7
6630; 2543.18; -44642.4; -29612.1
6640; 2543.18; -44642.4; -29583.2
6650; 2543.18; -48179.9; -29776.1
6660; 2543.18; -46553.9; -29693
6670; 2543.18; -46553.9; -29460.1
6680; 2543.18; -45857.5; -29177.7
6690; 2543.18; -45857.5; -29119.9
6700; 2543.18; -45857.5; -28897.7
6710; 2543.18; -41782.4; -29136.2
6720; 2543.18; -41782.4; -29026.9
6730; 2543.18; -43200.1; -29064.4
6740; 2543.18; -44623.3; -29093.8
6750; 2543.18; -44623.3; -29372.5
6760; 2543.18; -44915.7; -29134.4
6770; 2543.18; -44915.7; -29393.4
6780; 2543.18; -43584.5; -29600.3
6790; 2543.18; -43584.5; -29541.4
6800; 2543.18; -45336.8; -29556
6810; 2543.18; -45579.2; -29415.6
6820; 2543.18; -45579.2; -29291.6
6830; 2543.18; -45579.2; -29376.4
6840; 2543.18; -43901.3; -29295.9
6850; 2543.18; -43901.3; -29212.5
6860; 2543.18; -43901.3; -29153.9
6870; 2543.18; -43901.3; -29263.7
6880; 2543.18; -42892.2; -29324.9
6890; 2543.18; -42892.2; -29171.9
6900; 2543.18; -44164.3; -29014
6910; 2543.18; -44164.3; -29086
6920; 2543.18; -42211.5; -29140.1
6930; 2543.18; -42211.5; -29113.2
6940; 2543.18; -44422.6; -29472.8
6950; 2543.18; -46183.9; -29402.4
6960; 2543.18; -43652.9; -29489.3
6970; 2543.18; -43719.3; -29414.8
6980; 2543.18; -44813.3; -29519.5
6990; 2543.18; -44813.3; -29475.5
7000; 2543.18; -44378.5; -29650.7
7010; 2543.18; -43555.6; -29509.7
7020; 2543.18; -43555.6; -29560.4
7030; 2543.18; -42917.5; -29349.2
7040; 2543.18; -42917.5; -29358.9
7050; 2543.18; -42101; -29504.3
7060; 2543.18; -47442.7; -29545.5
7070; 2543.18; -47442.7; -29519.3
7080; 2543.18; -46549; -29565.9
7090; 2543.18; -46240.5; -29479.7
7100; 2543.18; -46257.1; -29385
7110; 2543.18; -46257.1; -29580.8
7120; 2543.18; -48132.7; -29564.9
7130; 2543.18; -47209; -29439.9
7140; 2543.18; -46888.9; -29418.2
7150; 2543.18; -47822.8; -29459.6
7160; 2543.18; -47822.8; -29559
7170; 2543.18; -47822.8; -29636.1
7180; 2543.18; -46497.3; -29671.9
7190; 2543.18; -47563.7; -29631.5
7200; 2543.18; -49033.2; -29689.3
7210; 2543.18; -46813.2; -29612.9
7220; 2543.18; -46813.2; -29650.2
7230; 2543.18; -45064.5; -29389.9
7240; 2543.18; -45064.5; -29290.3
7250; 2543.18; -44761.4; -29371.3
7260; 2543.18; -44049.8; -29326.3
7270; 2543.18; -43778.4; -29397
7280; 2543.18; -43966.8; -29379.4
7290; 2543.18; -44017.2; -29409.1
7300; 2543.18; -49251.8; -29506.7
7310; 2543.18; -49251.8; -29443.7
7320; 2543.18; -49251.8; -29568.2
7330; 2543.18; -49251.8; -29606.2
7340; 2543.18; -50861.1; -29763.4
7350; 2543.18; -46763.1; -29783.7
7360; 2543.18; -46763.1; -30038.6
7370; 2543.18; -45958.5; -29881.9
7380; 2543.18; -45844.9; -29731.7
7390; 2543.18; -44516.3; -29896.6
7400; 2543.18; -45855.3; -29590.2
7410; 2543.18; -45855.3; -29703.6
7420; 2543.18; -47564.5; -29889.8
7430; 2543.18; -47079.1; -29831.4
7440; 2543.18; -47904.3; -29753.7
7450; 2543.18; -47904.3; -29701.1
7460; 2543.18; -47904.3; -29697.6
7470; 2543.18; -46397.8; -29605.2
7480; 2543.18; -46397.8; -29487.9
7490; 2543.18; -42989.2; -29177.9
7500; 2543.18; -47638.7; -29477
7510; 2543.18; -47638.7; -29475
7520; 2543.18; -46618.5; -29372.1
7530; 2543.18; -42863.3; -29481
7540; 2543.18; -42739.2; -29383.3
7550; 2543.18; -42739.2; -29234.3
7560; 2543.18; -43832.2; -29216.4
7570; 2543.18; -42940.4; -29075.9
7580; 2543.18; -41854.5; -29042.3
7590; 2543.18; -41815.9; -29404.7
7600; 2543.18; -43011.1; -29625.5
7610; 2543.18; -43011.1; -29615.5
7620; 2543.18; -43653; -29521.8
7630; 2543.18; -43653; -29500.6
7640; 2543.18; -44041; -29571.3
7650; 2543.18; -44041; -29295.9
7660; 2543.18; -44041; -29263.5
7670; 2543.18; -43367.1; -29454.6
7680; 2543.18; -43654.3; -29632.5
7690; 2543.18; -44391.3; -29709.5
7700; 2543.18; -44391.3; -29519.7
7710; 2543.18; -44036.3; -29767.4
7720; 2543.18; -44736; -29595
7730; 2543.18; -44736; -29606.4
7740; 2543.18; -44736; -29337.1
7750; 2543.18; -44349.7; -29366.5
7760; 2543.18; -44964.1; -29477
7770; 2543.18; -45078.3; -29350.4
7780; 2543.18; -47975.8; -29320.1
7790; 2543.18; -45029; -29114.5
7800; 2543.18; -45029; -29033.5
7810; 2543.18; -44877.1; -29391.3
7820; 2543.18; -44877.1; -29246.6
7830; 2543.18; -44531.2; -29383.2
7840; 2543.18; -41990.4; -29395
7850; 2543.18; -42439.2; -29473.1
7860; 2543.18; -42439.2; -29210.9
7870; 2543.18; -41907; -29346.6
7880; 2543.18; -45953.4; -29303.1
7890; 2543.18; -47481; -29481.6
7900; 2543.18; -47481; -29398.9
7910; 2543.18; -47532.5; -29808.3
7920; 2543.18; -47532.5; -29790
7930; 2543.18; -47532.5; -29657.4
7940; 2543.18; -42153.9; -29526
7950; 2543.18; -43900.8; -29451.9
7960; 2543.18; -45828.4; -29585.4
7970; 2543.18; -45828.4; -29540.7
7980; 2543.18; -45828.4; -29438.1
7990; 2543.18; -45171.7; -29478.3
8000; 2543.18; -45171.7; -29380.8
8010; 2543.18; -43223.8; -29346
8020; 2543.18; -43465.1; -29238.5
8030; 2543.18; -43465.1; -29246.3
8040; 2543.18; -44007.2; -29503.1
8050; 2543.18; -44007.2; -29601.1
8060; 2543.18; -44007.2; -29700.3
8070; 2543.18; -44491; -29609.1
8080; 2543.18; -44183.7; -29500.2
8090; 2543.18; -45122.5; -29687.5
8100; 2543.18; -44182.2; -29725
8110; 2543.18; -43777.4; -29847.1
8120; 2543.18; -44405; -29991.2
8130; 2543.18; -43978.6; -30214.5
8140; 2543.18; -47282.4; -30020.8
8150; 2543.18; -47282.4; -29969
8160; 2543.18; -47282.4; -30252.4
8170; 2543.18; -49094.8; -30382.2
8180; 2543.18; -48185.9; -30624
8190; 2543.18; -50525.1; -30431.6
8200; 2543.18; -49234.9; -30363.9
8210; 2543.18; -49234.9; -30193.5
8220; 2543.18; -49234.9; -30248
8230; 2543.18; -48778.1; -30215.5
8240; 2543.18; -42772.8; -29849.5
8250; 2543.18; -42159.5; -29879.1
8260; 2543.18; -42159.5; -29804.2
8270; 2543.18; -42140.2; -29761.3
8280; 2543.18; -43871.3; -29704.5
8290; 2543.18; -43871.3; -29937.4
8300; 2543.18; -43049.4; -29666.1
8310; 2543.18; -46522.9; -29831.4
8320; 2543.18; -43758.3; -29801
8330; 2543.18; -43805; -29845.7
8340; 2543.18; -42771.4; -29900.3
8350; 2543.18; -42169.6; -30056.3
8360; 2543.18; -42169.6; -29724.6
8370; 2543.18; -45044.3; -29672.3
8380; 2543.18; -45217.4; -29744.1
8390; 2543.18; -45217.4; -29737
8400; 2543.18; -43621.2; -29883.8
8410; 2543.18; -44519.9; -29973.9
8420; 2543.18; -44519.9; -29900
8430; 2543.18; -43452.6; -30006.5
8440; 2543.18; -42931.6; -30118.7
8450; 2543.18; -43802.4; -29548.9
8460; 2543.18; -45343.5; -29756.4
8470; 2543.18; -43161.5; -29385.2
8480; 2543.18; -42905.4; -29528.3
8490; 2543.18; -44602.4; -29601.8
8500; 2543.18; -44602.4; -29625.2
8510; 2543.18; -45125; -29797.7
8520; 2543.18; -43915.2; -29610.2
8530; 2543.18; -43746; -29630.8
8540; 2543.18; -43891.5; -29638.5
8550; 2543.18; -45247.6; -29830.7
8560; 2543.18; -46602; -29822.8
8570; 2543.18; -46602; -29574.7
8580; 2543.18; -44104.8; -29387.1
8590; 2543.18; -44069.8; -29707.7
8600; 2543.18; -42379.8; -30009
8610; 2543.18; -41973.2; -29649
8620; 2543.18; -45522.7; -29339.9
8630; 2543.18; -44057.8; -29369.2
8640; 2543.18; -44038.3; -29210.6
8650; 2543.18; -44529.7; -29138.7
8660; 2543.18; -46857.5; -29232.3
8670; 2543.18; -45258.4; -29144.3
8680; 2543.18; -45258.4; -29266.7
8690; 2543.18; -43914.1; -29300.6
8700; 2543.18; -42683.4; -29177.7
8710; 2543.18; -43010.5; -29434.4
8720; 2543.18; -46394; -29555
8730; 2543.18; -47729.9; -29660
8740; 2543.18; -48420.5; -29583.4
8750; 2543.18; -45788.8; -29667.1
8760; 2543.18; -44959.2; -30012.4
8770; 2543.18; -43549.3; -29997.6
8780; 2543.18; -43549.3; -29929.5
8790; 2543.18; -44857.5; -29470.6
8800; 2543.18; -45783; -29395.6
8810; 2543.18; -46130.8; -29535
8820; 2543.18; -46130.8; -29536.8
8830; 2543.18; -46130.8; -29840.9
8840; 2543.18; -44495.8; -29679.9
8850; 2543.18; -43517.2; -29669.8
8860; 2543.18; -43517.2; -29570.5
8870; 2543.18; -43207; -29578.5
8880; 2543.18; -42830.2; -29789.7
8890; 2543.18; -45908.6; -30082.6
8900; 2543.18; -43772.7; -29953.2
8910; 2543.18; -46061.4; -29935.8
8920; 2543.18; -46061.4; -29892.2
8930; 2543.18; -45662; -29862.4
8940; 2543.18; -45662; -29887
8950; 2543.18; -43103; -29967.1
8960; 2543.18; -46546.4; -29876.6
8970; 2543.18; -46546.4; -29688.3
8980; 2543.18; -46966.5; -29508.4
8990; 2543.18; -46966.5; -29559.9
9000; 2543.18; -45932.5; -29408.2
9010; 2543.18; -45932.5; -29462.7
9020; 2543.18; -44973.3; -29150.4
9030; 2543.18; -43601.8; -29270.9
9040; 2543.18; -43601.8; -29423.5
9050; 2543.18; -44005.9; -29443.7
9060; 2543.18; -44072.5; -29349.1
9070; 2543.18; -44853.4; -29520.1
9080; 2543.18; -46766.8; -29399.5
9090; 2543.18; -42504.9; -29442.4
9100; 2543.18; -41633.7; -29394.5
9110; 2543.18; -43486.9; -29612.2
9120; 2543.18; -41353.7; -29648
9130; 2543.18; -42112.7; -29663.8
9140; 2543.18; -42214.8; -29752.6
9150; 2543.18; -42696.2; -29736.4
9160; 2543.18; -42284.8; -29930.5
9170; 2543.18; -42298.4; -29768.6
9180; 2543.18; -43816.2; -29843.1
9190; 2543.18; -42879.1; -29794.6
9200; 2543.18; -43967.2; -29582.1
9210; 2543.18; -41392.4; -29414.5
9220; 2543.18; -44899.7; -29488.2
9230; 2543.18; -44414.6; -29225.1
9240; 2543.18; -44338; -29476.1
9250; 2543.18; -44338; -29458.9
9260; 2543.18; -43739.8; -29585.5
9270; 2543.18; -42977.1; -29227.4
9280; 2543.18; -44257; -29414.1
9290; 2543.18; -43915.1; -29447.6
9300; 2543.18; -46765.6; -29350
9310; 2543.18; -45964.6; -29700.7
9320; 2543.18; -45964.6; -29684.4
9330; 2543.18; -45964.6; -29889.8
9340; 2543.18; -45964.6; -29756.6
9350; 2543.18; -45964.6; -30020.1
9360; 2543.18; -44847.4; -29924
9370; 2543.18; -44377.3; -29817.6
9380; 2543.18; -44377.3; -29640.3
9390; 2543.18; -48233.6; -29536.2
9400; 2543.18; -50209.9; -29782.7
9410; 2543.18; -52549; -30060.8
9420; 2543.18; -52549; -30094.3
9430; 2543.18; -49167.3; -29765.5
9440; 2543.18; -49167.3; -29672.2
9450; 2543.18; -41951.4; -29558.6
9460; 2543.18; -41951.4; -29665.9
9470; 2543.18; -45344.6; -29688.5
9480; 2543.18; -45344.6; -29634.6
9490; 2543.18; -45344.6; -29346.6
9500; 2543.18; -45050.6; -29473.3
9510; 2543.18; -45050.6; -29563.2
9520; 2543.18; -43035.9; -29550.9
9530; 2543.18; -43035.9; -29787.4
9540; 2543.18; -44156.9; -29851.8
9550; 2543.18; -41748; -29855.8
9560; 2543.18; -44917.5; -29983.3
9570; 2543.18; -44917.5; -29993.3
9580; 2543.18; -44917.5; -30270.5
9590; 2543.18; -44379.8; -29929
9600; 2543.18; -44660.3; -30025.4
9610; 2543.18; -49752.7; -30286.7
9620; 2543.18; -45570.3; -30331.6
9630; 2543.18; -45255.6; -30290.1
9640; 2543.18; -46405; -30041.3
9650; 2543.18; -45230.6; -29939.7
9660; 2543.18; -44496.2; -30145.3
9670; 2543.18; -45404.3; -30221.7
9680; 2543.18; -43181.2; -30064.7
9690; 2543.18; -44118.4; -30009.8
9700; 2543.18; -44118.4; -29749.6
9710; 2543.18; -43754; -29792.9
9720; 2543.18; -43190.7; -29694.7
9730; 2543.18; -41987.5; -29582
9740; 2543.18; -41910.5; -29739.3
9750; 2543.18; -43481.4; -30010.9
9760; 2543.18; -44030.9; -30257.5
9770; 2543.18; -44030.9; -30111.4
9780; 2543.18; -42739.9; -30016.4
9790; 2543.18; -44260.1; -29982.8
9800; 2543.18; -44484.2; -29862.4
9810; 2543.18; -45481.7; -29795.5
9820; 2543.18; -45481.7; -29813.6
9830; 2543.18; -41217.5; -29990.8
9840; 2543.18; -44961.7; -30055.4
9850; 2543.18; -44961.7; -29893.7
9860; 2543.18; -44961.7; -30190.3
9870; 2543.18; -41877.6; -30239.4
9880; 2543.18; -43243.6; -30107.9
9890; 2543.18; -43079.9; -29961.1
9900; 2543.18; -43672.7; -30098.9
9910; 2543.18; -44303.5; -30188.9
9920; 2543.18; -42985.8; -30071.9
9930; 2543.18; -42985.8; -29949.7
9940; 2543.18; -45020; -29822.8
9950; 2543.18; -45020; -29866.1
9960; 2543.18; -41833.6; -29872.4
9970; 2543.18; -43346.4; -29828.5
9980; 2543.18; -43346.4; -30174.9
9990; 2543.18; -44254.8; -30181.6
10000; 2543.18; -45967.7; -30259.4
10010; 2543.18; -45967.7; -30199.8
10020; 2543.18; -45967.7; -29845.6
10030; 2543.18; -45967.7; -29820.7
10040; 2543.18; -45967.7; -29893.6
10050; 2543.18; -45570.6; -29772.7
10060; 2543.18; -45570.6; -29784.4
10070; 2543.18; -44176.1; -29939.8
10080; 2543.18; -45456.1; -30061.3
10090; 2543.18; -44709.6; -29919.3
10100; 2543.18; -45157.1; -30013.1
10110; 2543.18; -45017; -29794
10120; 2543.18; -46264.7; -29691
10130; 2543.18; -44723.1; -29870.2
10140; 2543.18; -44893.4; -29697.3
10150; 2543.18; -43951.4; -29569.3
10160; 2543.18; -42947.8; -29430.4
10170; 2543.18; -46204.6; -29372.9
10180; 2543.18; -43698.8; -29407.7
10190; 2543.18; -43698.8; -29588.4
10200; 2543.18; -44280; -29640.7
10210; 2543.18; -44525; -29777.3
10220; 2543.18; -43635.9; -30051.9
10230; 2543.18; -43789.5; -29837.7
10240; 2543.18; -43789.5; -29876.1
10250; 2543.18; -44391.5; -29731.9
10260; 2543.18; -44427.2; -29775.9
10270; 2543.18; -41695; -29831.8
10280; 2543.18; -41494.4; -29862.7
10290; 2543.18; -41494.4; -30034.2
10300; 2543.18; -43236.7; -29995.1
10310; 2543.18; -45000.5; -29925.2
10320; 2543.18; -43911.7; -29908.1
10330; 2543.18; -44268; -29896.9
10340; 2543.18; -43389.9; -29782.6
10350; 2543.18; -43389.9; -29821.5
10360; 2543.18; -43389.9; -29811.3
10370; 2543.18; -47838.1; -29842.3
10380; 2543.18; -47838.1; -30114.6
10390; 2543.18; -47838.1; -30459.9
10400; 2543.18; -47838.1; -30174.8
10410; 2543.18; -44803.2; -29864.5
10420; 2543.18; -46396.6; -29968.1
10430; 2543.18; -47808.2; -29871.9
10440; 2543.18; -47808.2; -29825.9
10450; 2543.18; -47808.2; -29901.5
10460; 2543.18; -46359.2; -29729.1
10470; 2543.18; -46130.5; -29491.9
10480; 2543.18; -46130.5; -29060.7
10490; 2543.18; -47354.9; -29114.5
10500; 2543.18; -45932.3; -29371.3
10510; 2543.18; -45001.5; -29283.1
10520; 2543.18; -41256.6; -29347
10530; 2543.18; -41212.8; -29207.2
10540; 2543.18; -41212.8; -29209.9
10550; 2543.18; -41617.6; -29314.4
10560; 2543.18; -41617.6; -29298.1
10570; 2543.18; -44908.4; -29557.1
10580; 2543.18; -42866.2; -29521.8
10590; 2543.18; -44355.5; -29735.5
10600; 2543.18; -44918.2; -29692.1
10610; 2543.18; -44380.7; -29528.9
10620; 2543.18; -43306.5; -29592
10630; 2543.18; -44156.4; -29445.6
10640; 2543.18; -44156.4; -29581.8
10650; 2543.18; -44216.5; -29495.5
10660; 2543.18; -45497.8; -29485.6
10670; 2543.18; -41403.6; -29397.8
10680; 2543.18; -42099; -29726.3
10690; 2543.18; -46680.1; -29744.3
10700; 2543.18; -47762.8; -29798.8
10710; 2543.18; -47653.8; -29950.8
10720; 2543.18; -47653.8; -29831.5
10730; 2543.18; -49572.2; -29625.7
10740; 2543.18; -48741.5; -29683
10750; 2543.18; -48741.5; -29593.7
10760; 2543.18; -48741.5; -29684.5
10770; 2543.18; -48741.5; -29904.8
10780; 2543.18; -48826.5; -29981.5
10790; 2543.18; -48633.4; -29898.9
10800; 2543.18; -49610.5; -29914.5
10810; 2543.18; -49610.5; -29978
10820; 2543.18; -46512.1; -29866.9
10830; 2543.18; -46512.1; -29790.6
10840; 2543.18; -46512.1; -29924.4
10850; 2543.18; -46512.1; -30094
10860; 2543.18; -44466.4; -30146.4
10870; 2543.18; -42696.8; -29930.6
10880; 2543.18; -46553.6; -30132.5
10890; 2543.18; -47437.8; -29964.6
10900; 2543.18; -47437.8; -29837.3
10910; 2543.18; -47437.8; -29823.8
10920; 2543.18; -47437.8; -29826.1
10930; 2543.18; -47796; -29949.3
10940; 2543.18; -43140.5; -29537.6
10950; 2543.18; -46312.5; -29612.9
10960; 2543.18; -44527.9; -29772.2
10970; 2543.18; -44527.9; -29690.9
10980; 2543.18; -46101.5; -29693.8
10990; 2543.18; -45335.2; -29743.3
11000; 2543.18; -45335.2; -29712.8
11010; 2543.18; -45335.2; -29892.8
11020; 2543.18; -46136.3; -29483
11030; 2543.18; -46652.3; -29615.4
11040; 2543.18; -46264.2; -29614.4
11050; 2543.18; -46494.1; -29229.4
11060; 2543.18; -46494.1; -29363.4
11070; 2543.18; -48313.3; -29392.5
11080; 2543.18; -47016.8; -29377.6
11090; 2543.18; -46911.8; -29442.8
11100; 2543.18; -44962.6; -29276.1
11110; 2543.18; -44703.7; -29530.1
11120; 2543.18; -45097; -29657.2
11130; 2543.18; -46263.2; -29330.2
11140; 2543.18; -46855.3; -29286.3
11150; 2543.18; -45097; -29224.2
11160; 2543.18; -45385.7; -29352.9
11170; 2543.18; -44910.5; -29456
11180; 2543.18; -44910.5; -29174.2
11190; 2543.18; -47876.6; -29271.4
11200; 2543.18; -47876.6; -29499.1
11210; 2543.18; -44626.9; -29804.7
11220; 2543.18; -41509.2; -29597.6
11230; 2543.18; -40531.8; -29574
11240; 2543.18; -41663.7; -29340.8
11250; 2543.18; -41663.7; -29379.3
11260; 2543.18; -44179.8; -29325.9
11270; 2543.18; -44178.5; -29419.9
11280; 2543.18; -44178.5; -29358.1
11290; 2543.18; -44364.5; -29656.4
11300; 2543.18; -44364.5; -29657.9
11310; 2543.18; -43662; -29560.8
11320; 2543.18; -41653.4; -29521.6
11330; 2543.18; -47099.1; -29388.6
11340; 2543.18; -47099.1; -29208.3
11350; 2543.18; -45738.3; -29339.8
11360; 2543.18; -45738.3; -29234.2
11370; 2543.18; -42827.3; -29262.7
11380; 2543.18; -45775.8; -29250.8
11390; 2543.18; -45079; -29601.1
11400; 2543.18; -44813.5; -29650.5
11410; 2543.18; -47892; -29336.3
11420; 2543.18; -46963; -29181.8
11430; 2543.18; -46963; -29278.2
11440; 2543.18; -46963; -29343.9
11450; 2543.18; -46067.4; -29420.2
11460; 2543.18; -47730.2; -29316.2
11470; 2543.18; -47222.3; -29305.7
11480; 2543.18; -49426.1; -29193.8
11490; 2543.18; -49426.1; -29289.8
11500; 2543.18; -49703.4; -29288
11510; 2543.18; -42158.2; -29312.6
11520; 2543.18; -42158.2; -29416
11530; 2543.18; -42402.4; -29349.3
11540; 2543.18; -43283.3; -29220.8
11550; 2543.18; -43283.3; -29501.1
11560; 2543.18; -42255.6; -29329.2
11570; 2543.18; -42255.6; -29410.7
11580; 2543.18; -43008.6; -29561.4
11590; 2543.18; -41557.5; -29325.6
11600; 2543.18; -41708.3; -29482.6
11610; 2543.18; -42246.6; -29247.4
11620; 2543.18; -41955.8; -29234.1
11630; 2543.18; -41955.8; -29286.6
11640; 2543.18; -43563; -29134.1
11650; 2543.18; -43563; -28846.6
11660; 2543.18; -44034; -29172.5
11670; 2543.18; -44034; -29399
11680; 2543.18; -43365.5; -29368.9
11690; 2543.18; -43365.5; -29129.5
11700; 2543.18; -44765.9; -29185.3
11710; 2543.18; -42691.8; -29360.1
11720; 2543.18; -42691.8; -29425.3
11730; 2543.18; -42691.8; -29375.8
11740; 2543.18; -49901.8; -29582.5
11750; 2543.18; -49901.8; -29719.8
11760; 2543.18; -49901.8; -29589.5
11770; 2543.18; -49901.8; -29628.3
11780; 2543.18; -49901.8; -29521.1
11790; 2543.18; -42481; -29297.7
11800; 2543.18; -42481; -29697.7
11810; 2543.18; -45486.4; -29645.5
11820; 2543.18; -45486.4; -29618.2
11830; 2543.18; -45351.7; -29586.3
11840; 2543.18; -45107.7; -29310.9
11850; 2543.18; -46425.5; -29504.4
11860; 2543.18; -44792.4; -29743
11870; 2543.18; -44792.4; -29830.3
11880; 2543.18; -41390; -29841
11890; 2543.18; -41570.3; -29979.3
11900; 2543.18; -44569.3; -29899.5
11910; 2543.18; -44569.3; -29882.2
11920; 2543.18; -45614.9; -29866.5
11930; 2543.18; -45614.9; -29914.9
11940; 2543.18; -45705.9; -29956.8
11950; 2543.18; -45705.9; -29898
11960; 2543.18; -44603.4; -30228.7
11970; 2543.18; -44521; -30166
11980; 2543.18; -44521; -30042.6
11990; 2543.18; -44521; -29905.4
12000; 2543.18; -44510.3; -29875.8
12010; 2543.18; -42538.3; -29923.5
12020; 2543.18; -41852.6; -29859.2
12030; 2543.18; -42534.3; -29607.2
12040; 2543.18; -42295.4; -29744.9
12050; 2543.18; -42398.2; -29880.3
12060; 2543.18; -42576.6; -29926
12070; 2543.18; -43733; -30090
12080; 2543.18; -45070.4; -29880.5
12090; 2543.18; -45070.4; -29933.9
12100; 2543.18; -44606.7; -29871.3
12110; 2543.18; -44606.7; -29779.1
12120; 2543.18; -44254.1; -29676.3
12130; 2543.18; -44115.3; -29808.8
12140; 2543.18; -43332.2; -29512.3
12150; 2543.18; -44694.6; -30094.1
12160; 2543.18; -44694.6; -29901.4
12170; 2543.18; -44694.6; -29992.4
12180; 2543.18; -45293.6; -29995.2
12190; 2543.18; -45293.6; -29907.6
12200; 2543.18; -45293.6; -29689.9
12210; 2543.18; -45293.6; -29974.3
12220; 2543.18; -45293.6; -29989.9
12230; 2543.18; -44646.9; -30050.8
12240; 2543.18; -44646.9; -30251.1
12250; 2543.18; -43896.7; -30206.5
12260; 2543.18; -44815.8; -29889.6
12270; 2543.18; -44815.8; -29889.1
12280; 2543.18; -42992.9; -29953.7
12290; 2543.18; -42161.5; -30142.1
12300; 2543.18; -44049.9; -30187.4
12310; 2543.18; -44049.9; -30037.3
12320; 2543.18; -44328; -29956.8
12330; 2543.18; -44506.5; -29904.5
12340; 2543.18; -42874.5; -29763.3
12350; 2543.18; -42507.5; -29936.3
12360; 2543.18; -42507.5; -29786.2
12370; 2543.18; -42704.2; -29937.7
12380; 2543.18; -44283; -29962.8
12390; 2543.18; -44134.6; -29695.1
12400; 2543.18; -45641.4; -29441
12410; 2543.18; -47724.8; -29762.8
12420; 2543.18; -47724.8; -29711.5
12430; 2543.18; -45710; -29901.8
12440; 2543.18; -45122.3; -30120.7
12450; 2543.18; -43391; -30023.4
12460; 2543.18; -48055.5; -29944.7
12470; 2543.18; -47159.6; -30017.3
12480; 2543.18; -47159.6; -29926.3
12490; 2543.18; -44622.8; -30124.1
12500; 2543.18; -44233.4; -30135.4
12510; 2543.18; -44233.4; -30118.5
12520; 2543.18; -43676.3; -30121.5
12530; 2543.18; -48435.1; -30394.7
12540; 2543.18; -48417.4; -30322.9
12550; 2543.18; -48417.4; -30106
12560; 2543.18; -48417.4; -29917.5
12570; 2543.18; -44468.8; -29836.1
12580; 2543.18; -46577.7; -29683.2
12590; 2543.18; -45129.2; -29708
12600; 2543.18; -45129.2; -29899
12610; 2543.18; -44538.2; -30053.3
12620; 2543.18; -44908.6; -30126
12630; 2543.18; -46375; -30104.8
12640; 2543.18; -46503.9; -30181.6
12650; 2543.18; -48665.4; -30207.5
12660; 2543.18; -48665.4; -30151.3
12670; 2543.18; -49114.4; -30111.4
12680; 2543.18; -49605.2; -29974.7
12690; 2543.18; -46580.7; -30049.2
12700; 2543.18; -46580.7; -30133.1
12710; 2543.18; -46580.7; -30237.6
12720; 2543.18; -49576.9; -30541.4
12730; 2543.18; -45624.3; -30463.2
12740; 2543.18; -45624.3; -30242.5
12750; 2543.18; -45624.3; -30116
12760; 2543.18; -45624.3; -30537.2
12770; 2543.18; -46718.6; -30489.5
12780; 2543.18; -48725; -30533.6
12790; 2543.18; -48725; -30504.6
12800; 2543.18; -50790.4; -30365.7
12810; 2543.18; -50790.4; -30274.2
12820; 2543.18; -47941.6; -30293.4
12830; 2543.18; -47468.1; -29869.5
12840; 2543.18; -47468.1; -29961.6
12850; 2543.18; -47468.1; -29996.9
12860; 2543.18; -47468.1; -29933.7
12870; 2543.18; -50392.5; -29783.3
12880; 2543.18; -45991.3; -29802.1
12890; 2543.18; -53699.7; -29999.5
12900; 2543.18; -53699.7; -30182.6
12910; 2543.18; -49051.5; -29956.8
12920; 2543.18; -49009.5; -29876.2
12930; 2543.18; -49009.5; -29892.3
12940; 2543.18; -46505.9; -29756.9
12950; 2543.18; -42828.1; -29749.7
12960; 2543.18; -42281.9; -29750.3
12970; 2543.18; -42281.9; -29962.5
12980; 2543.18; -44410.2; -30140
12990; 2543.18; -42686.7; -30211.2
13000; 2543.18; -43465.9; -30345.7
13010; 2543.18; -44785.4; -30284.3
13020; 2543.18; -46021.2; -30333.2
13030; 2543.18; -48628.3; -30350.2
13040; 2543.18; -45808.3; -30405.9
13050; 2543.18; -44486.8; -30282.4
13060; 2543.18; -44272; -29817.9
13070; 2543.18; -43688.1; -29913.1
13080; 2543.18; -45002.2; -29904.1
13090; 2543.18; -46364.6; -29984.1
13100; 2543.18; -45615.4; -29700.4
13110; 2543.18; -45615.4; -29743.6
13120; 2543.18; -45615.4; -29964.4
13130; 2543.18; -45373.9; -29802.6
13140; 2543.18; -45373.9; -29686.3
13150; 2543.18; -45373.9; -30011.3
13160; 2543.18; -45373.9; -29880
13170; 2543.18; -45373.9; -29748.7
13180; 2543.18; -42703.5; -29580.3
13190; 2543.18; -47436.3; -29803.5
13200; 2543.18; -44650.1; -30032.3
13210; 2543.18; -45419.6; -30115.5
13220; 2543.18; -45540.5; -29858.8
13230; 2543.18; -45189.6; -30259.7
13240; 2543.18; -43333.3; -30143.4
13250; 2543.18; -43095.6; -29593.3
13260; 2543.18; -44468.1; -29694.6
13270; 2543.18; -42753; -29401.4
13280; 2543.18; -43979.1; -29507
13290; 2543.18; -44639.2; -29938.3
13300; 2543.18; -43320.1; -30076.3
13310; 2543.18; -42629.5; -30192.7
13320; 2543.18; -46963.3; -29971
13330; 2543.18; -43473.7; -30003.6
13340; 2543.18; -42883.3; -29874.5
13350; 2543.18; -43484.4; -30020
13360; 2543.18; -41820.7; -30126.6
13370; 2543.18; -43974.1; -30117.4
13380; 2543.18; -43974.1; -29885.1
13390; 2543.18; -43974.1; -29864.3
13400; 2543.18; -46517; -29817.4
13410; 2543.18; -44380.5; -29846.1
13420; 2543.18; -44485.3; -30024.9
13430; 2543.18; -44962.1; -29918.8
13440; 2543.18; -44524.3; -29605.4
13450; 2543.18; -44749.3; -29659.2
13460; 2543.18; -44094.5; -29941.7
13470; 2543.18; -42965.6; -29834.1
13480; 2543.18; -42815.8; -29832.3
13490; 2543.18; -42815.8; -29648.9
13500; 2543.18; -42815.8; -29835.5
13510; 2543.18; -44836.8; -29940.7
13520; 2543.18; -47152.8; -30322.6
13530; 2543.18; -46294.8; -30515.4
13540; 2543.18; -45569.6; -30534.4
13550; 2543.18; -44482.6; -30516.3
13560; 2543.18; -43773.4; -30493.9
13570; 2543.18; -43773.4; -30604.1
13580; 2543.18; -43836.2; -30400.9
13590; 2543.18; -43252.3; -29993.7
13600; 2543.18; -43252.3; -30124.1
13610; 2543.18; -43300.8; -30241.5
13620; 2543.18; -45066.6; -30327.6
13630; 2543.18; -45066.6; -29983.1
13640; 2543.18; -44324.9; -30179.4
13650; 2543.18; -43121.5; -30151.7
13660; 2543.18; -43493.5; -30481.5
13670; 2543.18; -45770.5; -30399.4
13680; 2543.18; -43465.2; -30285.6
13690; 2543.18; -43465.2; -30159.6
13700; 2543.18; -42493.6; -29747.2
13710; 2543.18; -43247.3; -29784.3
13720; 2543.18; -43663.5; -29645.3
13730; 2543.18; -44352.9; -29677.1
13740; 2543.18; -45388.5; -29626
13750; 2543.18; -44372.5; -29577.6
13760; 2543.18; -47125.6; -29719.1
13770; 2543.18; -47125.6; -29569.2
13780; 2543.18; -46890.6; -29980.6
13790; 2543.18; -46211.5; -30022.5
13800; 2543.18; -47970.3; -29936.3
13810; 2543.18; -48228; -29839.5
13820; 2543.18; -48482.9; -29901.8
13830; 2543.18; -49212.1; -29805.6
13840; 2543.18; -49212.1; -29860.7
13850; 2543.18; -49212.1; -29624.4
13860; 2543.18; -42295.6; -29463.8
13870; 2543.18; -42423.1; -29735.5
13880; 2543.18; -43641; -29797.8
13890; 2543.18; -43641; -29594.2
13900; 2543.18; -43139.7; -29756.3
13910; 2543.18; -43455.5; -29902.3
13920; 2543.18; -44743.3; -29937.5
13930; 2543.18; -44743.3; -29983.5
13940; 2543.18; -44743.3; -29845.3
13950; 2543.18; -45198.3; -29825.8
13960; 2543.18; -46135; -29894.9
13970; 2543.18; -46135; -29522.5
13980; 2543.18; -46135; -29439.1
13990; 2543.18; -43055.8; -29579.9
14000; 2543.18; -43748.8; -29561
14010; 2543.18; -44054.1; -29398.4
14020; 2543.18; -44054.1; -29423.3
14030; 2543.18; -43521.8; -29553.6
14040; 2543.18; -44665.4; -29556.9
14050; 2543.18; -43605.1; -29714.2
14060; 2543.18; -44172.7; -29829
14070; 2543.18; -42299.5; -29531
14080; 2543.18; -42299.5; -29487.8
14090; 2543.18; -48075.6; -29720.1
14100; 2543.18; -48075.6; -29529.2
14110; 2543.18; -48502.2; -29719.7
14120; 2543.18; -46215.6; -29352.8
14130; 2543.18; -48968.4; -29421.6
14140; 2543.18; -45851.5; -29288
14150; 2543.18; -47024.5; -29371.9
14160; 2543.18; -47416.6; -29770.4
14170; 2543.18; -48301.3; -29642.7
14180; 2543.18; -49786.7; -30029.4
14190; 2543.18; -49341.9; -29907.7
14200; 2543.18; -46207.4; -29949.2
14210; 2543.18; -46041.3; -29766.2
14220; 2543.18; -46280.9; -29611.2
14230; 2543.18; -43259.8; -29730.5
14240; 2543.18; -47275.1; -29936.8
14250; 2543.18; -47275.1; -29755.1
14260; 2543.18; -47884.8; -29801.2
14270; 2543.18; -42425; -29721.4
14280; 2543.18; -43542; -29453.3
14290; 2543.18; -43542; -29384.6
14300; 2543.18; -44526.3; -29881.1
14310; 2543.18; -44526.3; -30009.7
14320; 2543.18; -44526.3; -30220.1
14330; 2543.18; -44526.3; -30007.1
14340; 2543.18; -41293.8; -29873
14350; 2543.18; -42941.5; -29628.6
14360; 2543.18; -42941.5; -29592.4
14370; 2543.18; -42941.5; -29297.7
14380; 2543.18; -42757.8; -29324
14390; 2543.18; -42757.8; -29800.4
14400; 2543.18; -43265.8; -29615
14410; 2543.18; -43265.8; -29274.2
14420; 2543.18; -43153.8; -29308.1
14430; 2543.18; -43153.8; -29265.9
14440; 2543.18; -42122.7; -29559.5
14450; 2543.18; -42085.9; -29565.4
14460; 2543.18; -42085.9; -29370.4
14470; 2543.18; -41197.3; -29264.1
14480; 2543.18; -42424.1; -29618
14490; 2543.18; -47695.9; -29708.1
14500; 2543.18; -47695.9; -29603.3
14510; 2543.18; -47695.9; -29610.1
14520; 2543.18; -42232.7; -29597.5
14530; 2543.18; -41028; -29550.1
14540; 2543.18; -40655.2; -29341
14550; 2543.18; -41034; -29257.6
14560; 2543.18; -41653.2; -29258.1
14570; 2543.18; -43322.3; -28939.7
14580; 2543.18; -42021.9; -29377.9
14590; 2543.18; -41653.2; -29288.3
14600; 2543.18; -41412.5; -29126.3
14610; 2543.18; -41796.6; -29149.5
14620; 2543.18; -41796.6; -29011.5
14630; 2543.18; -43979.4; -29351.7
14640; 2543.18; -43979.4; -29263.8
14650; 2543.18; -43979.4; -29180.4
14660; 2543.18; -43919.2; -29408.5
14670; 2543.18; -43592.1; -29154.6
14680; 2543.18; -41268.5; -29183.3
14690; 2543.18; -42960.2; -29127.1
14700; 2543.18; -42944.6; -29203.5
14710; 2543.18; -42223.1; -29355
14720; 2543.18; -42223.1; -29424.9
14730; 2543.18; -41804.8; -29407.9
14740; 2543.18; -42186.9; -29223
14750; 2543.18; -44160.3; -29366
14760; 2543.18; -42516.3; -29371.3
14770; 2543.18; -41557; -29554.5
14780; 2543.18; -40175.7; -29078.5
14790; 2543.18; -40398.2; -28998.9
14800; 2543.18; -42382.3; -28832.5
14810; 2543.18; -42382.3; -28967.4
14820; 2543.18; -42382.3; -28972.4
14830; 2543.18; -45038.2; -28977.8
14840; 2543.18; -42427.7; -29413.9
14850; 2543.18; -43130; -29598.5
14860; 2543.18; -43130; -29528.9
14870; 2543.18; -42138.7; -29690.7
14880; 2543.18; -44445.7; -29735.2
14890; 2543.18; -44445.7; -29620.6
14900; 2543.18; -44445.7; -29648.7
14910; 2543.18; -44445.7; -29383.3
14920; 2543.18; -44445.7; -29400.8
14930; 2543.18; -44931.2; -29359.6
14940; 2543.18; -44294.4; -29267.2
14950; 2543.18; -44397.5; -29450.8
14960; 2543.18; -44397.5; -29510.2
14970; 2543.18; -44397.5; -29562.2
14980; 2543.18; -44270.3; -29558.6
14990; 2543.18; -43195.9; -29603.4
15000; 2543.18; -43195.9; -29627.8
15010; 2543.18; -45104.6; -29716.5
15020; 2543.18; -45104.6; -29590.9
15030; 2543.18; -43903.6; -29466.7
15040; 2543.18; -46915.8; -29514.1
15050; 2543.18; -47090.6; -29819.7
15060; 2543.18; -45832.6; -29834.7
15070; 2543.18; -44261.2; -29849.6
15080; 2543.18; -44261.2; -29586.6
15090; 2543.18; -44061.6; -29450
15100; 2543.18; -44061.6; -29559.9
15110; 2543.18; -44061.6; -29679.4
15120; 2543.18; -44061.6; -29660.1
15130; 2543.18; -44425.1; -29526.9
15140; 2543.18; -43095.2; -29407.5
15150; 2543.18; -42650.5; -29270.4
15160; 2543.18; -41898.1; -29028
15170; 2543.18; -41931.5; -29207.8
15180; 2543.18; -41931.5; -29400.7
15190; 2543.18; -45598.3; -29358.2
15200; 2543.18; -46180; -29205.2
15210; 2543.18; -43900.3; -29322.7
15220; 2543.18; -43900.3; -29366.5
15230; 2543.18; -43529.7; -29350.5
15240; 2543.18; -44113.9; -29280.9
15250; 2543.18; -44477.3; -29491.9
15260; 2543.18; -43872.4; -29604.5
15270; 2543.18; -43744.6; -29409.9
15280; 2543.18; -44727.8; -29385.5
15290; 2543.18; -46415.1; -29224.7
15300; 2543.18; -46415.1; -29331.1
15310; 2543.18; -44416.9; -29491.3
15320; 2543.18; -43349.5; -29353.7
15330; 2543.18; -43349.5; -29363.8
15340; 2543.18; -43349.5; -29647.2
15350; 2543.18; -45589.7; -29711.6
15360; 2543.18; -43947.4; -29685.3
15370; 2543.18; -42794.1; -29667.7
15380; 2543.18; -43421.7; -29557.6
15390; 2543.18; -45356.9; -29355.8
15400; 2543.18; -43271.4; -29428.2
15410; 2543.18; -44462.4; -29434.6
15420; 2543.18; -44462.4; -29368
15430; 2543.18; -44462.4; -29600.9
15440; 2543.18; -42994.6; -29624.3
15450; 2543.18; -42963.4; -29497.1
15460; 2543.18; -42963.4; -29668.4
15470; 2543.18; -43867.6; -29649.8
15480; 2543.18; -43867.6; -29647.6
15490; 2543.18; -47597.4; -29892.5
15500; 2543.18; -47597.4; -30003.2
15510; 2543.18; -47597.4; -30037.5
15520; 2543.18; -45358.3; -29801.6
15530; 2543.18; -45358.3; -29697.8
15540; 2543.18; -44013.2; -29911.9
15550; 2543.18; -44393.8; -29792.1
15560; 2543.18; -43642.9; -29840
15570; 2543.18; -44819.7; -29906.1
15580; 2543.18; -44819.7; -29924.3
15590; 2543.18; -45426.9; -29721.6
15600; 2543.18; -45426.9; -29809
15610; 2543.18; -45881.8; -29875.2
15620; 2543.18; -45610; -30121.2
15630; 2543.18; -45767.5; -30293.9
15640; 2543.18; -45767.5; -30278
15650; 2543.18; -45215.3; -29988.7
15660; 2543.18; -44598.6; -29785.4
15670; 2543.18; -44598.6; -29813.3
15680; 2543.18; -46698.2; -29702.4
15690; 2543.18; -46698.2; -29830.7
15700; 2543.18; -46698.2; -29792.7
15710; 2543.18; -46273; -29632.1
15720; 2543.18; -45670.2; -29855.1
15730; 2543.18; -45670.2; -29732.6
15740; 2543.18; -44951.8; -29859.9
15750; 2543.18; -44951.8; -29745.6
15760; 2543.18; -46716.9; -29693.7
15770; 2543.18; -46834; -30162.8
15780; 2543.18; -46834; -29908.1
15790; 2543.18; -46371.3; -29829.5
15800; 2543.18; -47061.2; -29802.1
15810; 2543.18; -47061.2; -29654.5
15820; 2543.18; -47061.2; -29641.6
15830; 2543.18; -47061.2; -29440.8
15840; 2543.18; -45714.6; -29453.7
15850; 2543.18; -44868.1; -29499.5
15860; 2543.18; -44868.1; -29434
15870; 2543.18; -44868.1; -29593.7
15880; 2543.18; -45653.8; -29536.7
15890; 2543.18; -45653.8; -29708.1
15900; 2543.18; -45689.6; -30026.7
15910; 2543.18; -47698.1; -29894.5
15920; 2543.18; -41804.2; -29869.4
15930; 2543.18; -42167.6; -29923.5
15940; 2543.18; -42167.6; -29937.3
15950; 2543.18; -43080.2; -29895.3
15960; 2543.18; -43163.4; -29998.4
15970; 2543.18; -42597.5; -29968.9
15980; 2543.18; -42597.5; -29910.6
15990; 2543.18; -42607.5; -30168.1
16000; 2543.18; -41249; -30061.7
16010; 2543.18; -41335; -30084.4
16020; 2543.18; -41072.6; -30220.6
16030; 2543.18; -44869; -30441.2
16040; 2543.18; -44869; -30082
16050; 2543.18; -45635.6; -30009.6
16060; 2543.18; -44654.7; -29911.3
16070; 2543.18; -42263.6; -29918.4
16080; 2543.18; -47280.5; -29946.2
16090; 2543.18; -45631.8; -29820.9
16100; 2543.18; -42969.4; -29975.4
16110; 2543.18; -41830.5; -30059.5
16120; 2543.18; -42493.1; -30063.6
16130; 2543.18; -42133.1; -29829.3
16140; 2543.18; -43599.7; -29693.4
16150; 2543.18; -46407.3; -29604.2
16160; 2543.18; -45876.6; -29847.1
16170; 2543.18; -43719.5; -29681.9
16180; 2543.18; -44557.2; -29686.7
16190; 2543.18; -42148.7; -29476.5
16200; 2543.18; -42844.9; -29295.2
16210; 2543.18; -42565.5; -29334.4
16220; 2543.18; -45318; -28987.2
16230; 2543.18; -46608.3; -28938.2
16240; 2543.18; -46608.3; -29065.1
16250; 2543.18; -46608.3; -29091.1
16260; 2543.18; -46608.3; -29205.8
16270; 2543.18; -45834.6; -29272.1
16280; 2543.18; -45834.6; -29364
16290; 2543.18; -43036.1; -29563.3
16300; 2543.18; -44504; -29565.8
16310; 2543.18; -44504; -29490.8
16320; 2543.18; -43983.1; -29528.7
16330; 2543.18; -45390.1; -29630.3
16340; 2543.18; -45390.1; -29679.6
16350; 2543.18; -45743.2; -29830.3
16360; 2543.18; -47010; -29772.3
16370; 2543.18; -42027.3; -29862.2
16380; 2543.18; -43540.4; -30019.9
16390; 2543.18; -43540.4; -29555
16400; 2543.18; -42050.6; -29701.5
16410; 2543.18; -42050.6; -29646.9
16420; 2543.18; -42075.1; -29602.1
16430; 2543.18; -43555.5; -29985.2
16440; 2543.18; -42075.1; -29646
16450; 2543.18; -50481; -29742.3
16460; 2543.18; -44426; -29347.7
16470; 2543.18; -50249.5; -29730.9
16480; 2543.18; -53489.5; -29545
16490; 2543.18; -44587; -29352.2
16500; 2543.18; -42643.5; -29286.6
16510; 2543.18; -42378.2; -29249.7
16520; 2543.18; -43288; -29145.5
16530; 2543.18; -43288; -29186.5
16540; 2543.18; -44065.7; -29227.4
16550; 2543.18; -45763.9; -29469.7
16560; 2543.18; -45763.9; -29793.2
16570; 2543.18; -46139.8; -29601.8
16580; 2543.18; -44759.8; -29641.8
16590; 2543.18; -44718.4; -29620.3
16600; 2543.18; -49706.9; -29818.2
16610; 2543.18; -46281.9; -30063.8
16620; 2543.18; -46281.9; -30141
16630; 2543.18; -44837.6; -29897.7
16640; 2543.18; -44382.3; -29964.7
16650; 2543.18; -44604.3; -29788
16660; 2543.18; -44604.3; -29554.2
16670; 2543.18; -44604.3; -29623.7
16680; 2543.18; -44742.6; -29475.6
16690; 2543.18; -44742.6; -29481.2
16700; 2543.18; -44220.2; -29196.1
16710; 2543.18; -43487.5; -29193.9
16720; 2543.18; -45099.9; -29411.9
16730; 2543.18; -45099.9; -29562.8
16740; 2543.18; -43368.3; -29514.6
16750; 2543.18; -43193.2; -29523.4
16760; 2543.18; -43731.8; -29396.2
16770; 2543.18; -43394.6; -29524.4
16780; 2543.18; -44152.6; -29638.5
16790; 2543.18; -42922.1; -29621.9
16800; 2543.18; -42922.1; -29767.6
16810; 2543.18; -46676.6; -29628.4
16820; 2543.18; -46676.6; -29672.6
16830; 2543.18; -46016.7; -29590.8
16840; 2543.18; -44861.4; -29550.3
16850; 2543.18; -44696.5; -29520.1
16860; 2543.18; -44696.5; -29581.2
16870; 2543.18; -44696.5; -29520.5
16880; 2543.18; -44696.5; -29223.1
16890; 2543.18; -43726.8; -29150.9
16900; 2543.18; -44092.2; -29154.1
16910; 2543.18; -44138.6; -29086.4
16920; 2543.18; -41949; -29014.4
16930; 2543.18; -41577.4; -29111.9
16940; 2543.18; -41577.4; -29104.8
16950; 2543.18; -45136.7; -29101
16960; 2543.18; -45136.7; -29388.5
16970; 2543.18; -45136.7; -29073.9
16980; 2543.18; -45330; -29209.1
16990; 2543.18; -42452.3; -29040.5
17000; 2543.18; -41956; -29050.8
17010; 2543.18; -41956; -29189.4
17020; 2543.18; -41463; -29144.6
17030; 2543.18; -43467.4; -29258.5
17040; 2543.18; -43467.4; -29177.6
17050; 2543.18; -43467.4; -29316
17060; 2543.18; -42636; -29073.8
17070; 2543.18; -43384.4; -29403
17080; 2543.18; -43384.4; -29652
17090; 2543.18; -43384.4; -29249.1
17100; 2543.18; -43384.4; -29062.6
17110; 2543.18; -43384.4; -29087.9
17120; 2543.18; -45163.8; -29317.8
17130; 2543.18; -45163.8; -29299.7
17140; 2543.18; -45163.8; -29066.1
17150; 2543.18; -45163.8; -29220.4
17160; 2543.18; -45724.5; -29104
17170; 2543.18; -45047; -28986.3
17180; 2543.18; -45047; -28897.6
17190; 2543.18; -43826.4; -28917.9
17200; 2543.18; -43826.4; -29146.8
17210; 2543.18; -42997; -29037.5
17220; 2543.18; -43436.2; -29221.8
17230; 2543.18; -43331.2; -29005
17240; 2543.18; -43331.2; -29076.7
17250; 2543.18; -44927.5; -28877
17260; 2543.18; -45124.8; -29126.6
17270; 2543.18; -45124.8; -29457.5
17280; 2543.18; -45124.8; -29748.7
17290; 2543.18; -44564.4; -30014.1
17300; 2543.18; -44920.3; -29923.7
17310; 2543.18; -44920.3; -30067.4
17320; 2543.18; -45704.2; -30278.2
17330; 2543.18; -45704.2; -30345.4
17340; 2543.18; -45704.2; -30277.5
17350; 2543.18; -45704.2; -30196.6
17360; 2543.18; -45704.2; -30112.7
17370; 2543.18; -44385.8; -30064.9
17380; 2543.18; -44819.9; -30053.7
17390; 2543.18; -43749.7; -30179.3
17400; 2543.18; -45702.4; -29941.1
17410; 2543.18; -42692.5; -29817.3
17420; 2543.18; -42692.5; -29541.6
17430; 2543.18; -42692.5; -29838.4
17440; 2543.18; -42410.2; -29641.6
17450; 2543.18; -43454.6; -29565.9
17460; 2543.18; -44520.8; -29419.9
17470; 2543.18; -47337.3; -29505.9
17480; 2543.18; -47219.8; -29583.9
17490; 2543.18; -44523.6; -29328.2
17500; 2543.18; -44523.6; -29503.9
17510; 2543.18; -44866.8; -29539.7
17520; 2543.18; -44200.6; -29328.1
17530; 2543.18; -43036.7; -29253.3
17540; 2543.18; -44567.9; -29572.2
17550; 2543.18; -42550.5; -29395.9
17560; 2543.18; -42927.3; -29399.9
17570; 2543.18; -44978.1; -29499.4
17580; 2543.18; -44071.2; -29358.5
17590; 2543.18; -44071.2; -29307.5
17600; 2543.18; -43983.1; -29487.8
17610; 2543.18; -45479.6; -29366.2
17620; 2543.18; -45586.4; -29587.6
17630; 2543.18; -45455; -29386.7
17640; 2543.18; -45440.8; -29548.6
17650; 2543.18; -45516.6; -29631.5
17660; 2543.18; -45516.6; -29734.4
17670; 2543.18; -47867.3; -29638.3
17680; 2543.18; -47867.3; -29875.2
17690; 2543.18; -46094.5; -29482.1
17700; 2543.18; -45705.8; -29204.9
17710; 2543.18; -45771.4; -29468.8
17720; 2543.18; -45771.4; -29084.6
17730; 2543.18; -49625.3; -29512.2
17740; 2543.18; -47261.8; -29700.1
17750; 2543.18; -47621.6; -29764.6
17760; 2543.18; -44412.5; -29629.1
17770; 2543.18; -44412.5; -29752.6
17780; 2543.18; -44154.8; -29916.3
17790; 2543.18; -40464.7; -29723.4
17800; 2543.18; -41746.2; -29571.8
17810; 2543.18; -44673.6; -29368.2
17820; 2543.18; -44773.5; -29451.7
17830; 2543.18; -44773.5; -29475.2
17840; 2543.18; -44773.5; -29544.9
17850; 2543.18; -45238; -29778.3
17860; 2543.18; -45238; -29538
17870; 2543.18; -47412.3; -29687.6
17880; 2543.18; -44733.4; -29490.3
17890; 2543.18; -44733.4; -29535
17900; 2543.18; -50487.7; -29569.7
17910; 2543.18; -50487.7; -29762
17920; 2543.18; -50487.7; -29489.3
17930; 2543.18; -46149.9; -29475.8
17940; 2543.18; -46149.9; -29805.2
17950; 2543.18; -46149.9; -29638.1
17960; 2543.18; -47248.6; -29552
17970; 2543.18; -47248.6; -29681.9
17980; 2543.18; -47435; -29915.1
17990; 2543.18; -47435; -29942.1
18000; 2543.18; -47486.6; -30069.1
18010; 2543.18; -43998.6; -30015.8
18020; 2543.18; -44839.1; -30189.7
18030; 2543.18; -44839.1; -30084.4
18040; 2543.18; -44839.1; -29886
18050; 2543.18; -42894.2; -29950.1
18060; 2543.18; -44974.2; -29779.8
18070; 2543.18; -45085.4; -29857.8
18080; 2543.18; -42130.3; -29458.8
18090; 2543.18; -42044.1; -29629.4
18100; 2543.18; -42790; -29602.6
18110; 2543.18; -42044.1; -29677.7
18120; 2543.18; -41599.9; -29616.3
18130; 2543.18; -41581.6; -29380.7
18140; 2543.18; -43210.5; -29302.9
18150; 2543.18; -47591.3; -29540.9
18160; 2543.18; -45760.5; -29626.3
18170; 2543.18; -44526; -29586.5
18180; 2543.18; -44655.7; -29426.5
18190; 2543.18; -44655.7; -29380.1
18200; 2543.18; -45225.4; -29538
18210; 2543.18; -45225.4; -29641
18220; 2543.18; -49833.9; -29602.3
18230; 2543.18; -44020; -29619.5
18240; 2543.18; -44070.3; -29485.6
18250; 2543.18; -44601.8; -29280.8
18260; 2543.18; -45028.3; -29297.8
18270; 2543.18; -45028.3; -29329.7
18280; 2543.18; -44132; -29458.8
18290; 2543.18; -43001.2; -29181.4
18300; 2543.18; -43001.2; -29177.3
18310; 2543.18; -43001.2; -29189.4
18320; 2543.18; -42826.9; -29154.9
18330; 2543.18; -42131.2; -29171.2
18340; 2543.18; -42131.2; -29125.1
18350; 2543.18; -42131.2; -29380.5
18360; 2543.18; -42131.2; -29254.4
18370; 2543.18; -49419.8; -29652.9
18380; 2543.18; -48006.4; -29777.5
18390; 2543.18; -47771.4; -29958.7
18400; 2543.18; -48003; -29675.2
18410; 2543.18; -48003; -29698.1
18420; 2543.18; -48499.9; -29678.5
18430; 2543.18; -48499.9; -29508.6
18440; 2543.18; -48499.9; -29477
18450; 2543.18; -49020.6; -29808.7
18460; 2543.18; -49020.6; -29864.9
18470; 2543.18; -45628.3; -29578.9
18480; 2543.18; -45529.7; -29370.4
18490; 2543.18; -43367.7; -29233.6
18500; 2543.18; -42173.2; -29179.9
18510; 2543.18; -41310.8; -29344.6
18520; 2543.18; -41848.1; -29322.8
18530; 2543.18; -44180; -29226.1
18540; 2543.18; -42437.6; -29220.2
18550; 2543.18; -42846.4; -29655.8
18560; 2543.18; -42846.4; -29716.1
18570; 2543.18; -45256.2; -29689.2
18580; 2543.18; -47646.4; -29796
18590; 2543.18; -47646.4; -29891.7
18600; 2543.18; -47646.4; -29728.6
18610; 2543.18; -48399.3; -29749.5
18620; 2543.18; -48250.7; -29627.8
18630; 2543.18; -42544; -29301.9
18640; 2543.18; -42438.5; -29405.8
18650; 2543.18; -43458.3; -29427.8
18660; 2543.18; -42818; -29400.9
18670; 2543.18; -42809.5; -29202.8
18680; 2543.18; -43178; -29380
18690; 2543.18; -41947; -29538.2
18700; 2543.18; -43020.2; -29680.2
18710; 2543.18; -43467.9; -29689
18720; 2543.18; -43582.3; -29651.4
18730; 2543.18; -42962.2; -29532.2
18740; 2543.18; -42962.2; -29713.4
18750; 2543.18; -42735.5; -29526.3
18760; 2543.18; -44154.5; -29469.6
18770; 2543.18; -42338.4; -29390.8
18780; 2543.18; -45478.9; -29562.2
18790; 2543.18; -45478.9; -29638.7
18800; 2543.18; -44124.3; -29691.2
18810; 2543.18; -45377.8; -29801.2
18820; 2543.18; -44258.7; -29508.1
18830; 2543.18; -44258.7; -29620.6
18840; 2543.18; -44391.5; -29518
18850; 2543.18; -44096.5; -29558.2
18860; 2543.18; -41580; -29378.2
18870; 2543.18; -44333.9; -29427.8
18880; 2543.18; -44880.6; -29218
18890; 2543.18; -43644.1; -29436.9
18900; 2543.18; -43644.1; -29306.6
18910; 2543.18; -43644.1; -29357.9
18920; 2543.18; -43644.1; -29199.9
18930; 2543.18; -44076.3; -29042.3
18940; 2543.18; -42587.3; -29130.1
18950; 2543.18; -43146.7; -29340.5
18960; 2543.18; -43146.7; -29193.5
18970; 2543.18; -43146.7; -29169.6
18980; 2543.18; -44143.5; -29408.1
18990; 2543.18; -44472.5; -29490
19000; 2543.18; -45083.2; -29276.7
19010; 2543.18; -45479.7; -29258.2
19020; 2543.18; -45479.7; -29524.5
19030; 2543.18; -43151.9; -29474.9
19040; 2543.18; -43151.9; -29231.9
19050; 2543.18; -45557.6; -29168.2
19060; 2543.18; -50584; -29184.1
19070; 2543.18; -52561.6; -29279.7
19080; 2543.18; -45557.6; -28936.2
19090; 2543.18; -45578; -29105.6
19100; 2543.18; -45057.4; -29111.9
19110; 2543.18; -45057.4; -29297.8
19120; 2543.18; -45057.4; -29349.6
19130; 2543.18; -45057.4; -29401.1
19140; 2543.18; -45057.4; -29709.2
19150; 2543.18; -44011.8; -30039
19160; 2543.18; -44011.8; -29576.3
19170; 2543.18; -44011.8; -29830.1
19180; 2543.18; -44011.8; -29565.2
19190; 2543.18; -43339.5; -29686.8
19200; 2543.18; -42128; -29421.1
19210; 2543.18; -41761.5; -29561.5
19220; 2543.18; -41942.9; -29667.4
19230; 2543.18; -42806.5; -29520.1
19240; 2543.18; -45850.6; -29661.9
19250; 2543.18; -45462.2; -29590.5
19260; 2543.18; -44792.6; -29578.1
19270; 2543.18; -43141; -29399.7
19280; 2543.18; -43722.9; -29416.4
19290; 2543.18; -43722.9; -29513.3
19300; 2543.18; -44013.4; -29316.6
19310; 2543.18; -44000.8; -29501.1
19320; 2543.18; -43795.2; -29479
19330; 2543.18; -43795.2; -29527.3
19340; 2543.18; -45627.7; -29523.4
19350; 2543.18; -45730; -29485.6
19360; 2543.18; -44579.4; -29368.1
19370; 2543.18; -44579.4; -29531.3
19380; 2543.18; -43959.7; -29502.2
19390; 2543.18; -43379.4; -29306.6
19400; 2543.18; -43567.3; -29312.6
19410; 2543.18; -43438.9; -29466.7
19420; 2543.18; -47278.2; -29575.4
19430; 2543.18; -45485.7; -29504.8
19440; 2543.18; -45485.7; -29215.6
19450; 2543.18; -43945.6; -29375.8
19460; 2543.18; -43945.6; -29143.7
19470; 2543.18; -44395.3; -28972.3
19480; 2543.18; -44395.3; -29300.4
19490; 2543.18; -42376.2; -29407.5
19500; 2543.18; -45768.8; -29582.8
19510; 2543.18; -42376.2; -29468.2
19520; 2543.18; -43427.5; -29385
19530; 2543.18; -43092.1; -29636.2
19540; 2543.18; -41297.5; -29692.2
19550; 2543.18; -43117.6; -29607.6
19560; 2543.18; -43351.3; -29549.8
19570; 2543.18; -42916.2; -29277.2
19580; 2543.18; -42916.2; -29149.9
19590; 2543.18; -42840.3; -29260.8
19600; 2543.18; -43991.6; -29093.9
19610; 2543.18; -42840.3; -29118.7
19620; 2543.18; -43480.5; -29093.2
19630; 2543.18; -46045.6; -29205.6
19640; 2543.18; -46045.6; -29021.6
19650; 2543.18; -47002.6; -29255.8
19660; 2543.18; -47002.6; -29450.1
19670; 2543.18; -47002.6; -29559.9
19680; 2543.18; -47258.7; -29585.7
19690; 2543.18; -43993.1; -29641.8
19700; 2543.18; -45629.3; -29465.1
19710; 2543.18; -42470.3; -29624.1
19720; 2543.18; -42517.3; -29512.5
19730; 2543.18; -42667.6; -29299
19740; 2543.18; -44337.7; -29446.9
19750; 2543.18; -44337.7; -29298.7
19760; 2543.18; -43756.8; -29097
19770; 2543.18; -45550; -29249.8
19780; 2543.18; -44687.1; -29231.3
19790; 2543.18; -44687.1; -29259.5
19800; 2543.18; -44332.9; -29211.9
19810; 2543.18; -45134; -29144.8
19820; 2543.18; -44134.7; -29356.3
19830; 2543.18; -46627.9; -29498.9
19840; 2543.18; -46627.9; -29537
19850; 2543.18; -45075.1; -29438.5
19860; 2543.18; -46210.9; -29291.2
19870; 2543.18; -46210.9; -29454
19880; 2543.18; -46210.9; -29464.9
19890; 2543.18; -44483.1; -29456.1
19900; 2543.18; -44483.1; -29474.2
19910; 2543.18; -48223.9; -29567.8
19920; 2543.18; -42225.6; -29279
19930; 2543.18; -42382.1; -29474
19940; 2543.18; -43343.9; -29226.8
19950; 2543.18; -43833.3; -29500.1
19960; 2543.18; -43833.3; -29557
19970; 2543.18; -43833.3; -29674.5
19980; 2543.18; -42190; -29491.5
19990; 2543.18; -43919.5; -29643.8
20000; 2543.18; -43412.9; -29561
20010; 2543.18; -42852.4; -29465
20020; 2543.18; -42852.4; -29447.7
20030; 2543.18; -41493.9; -29401.2
20040; 2543.18; -41265.3; -29184
20050; 2543.18; -44384.5; -29437.1
20060; 2543.18; -44384.5; -29331.7
20070; 2543.18; -44384.5; -29551.2
20080; 2543.18; -42784.2; -29610
20090; 2543.18; -42940.8; -29446.5
20100; 2543.18; -41756.5; -29535.7
20110; 2543.18; -44269.2; -29572.7
20120; 2543.18; -44662.4; -29621.2
20130; 2543.18; -44662.4; -29654.9
20140; 2543.18; -42874.6; -29822
20150; 2543.18; -43951.1; -29960.4
20160; 2543.18; -44162.6; -29798.6
20170; 2543.18; -44733.4; -29755.2
20180; 2543.18; -44096.7; -29804.1
20190; 2543.18; -42588.1; -29970.6
20200; 2543.18; -42193.1; -29768.1
20210; 2543.18; -43863.8; -29964.3
20220; 2543.18; -44917.6; -29865.9
20230; 2543.18; -44917.6; -29615.9
20240; 2543.18; -43943.6; -29509.4
20250; 2543.18; -43947.6; -29643.6
20260; 2543.18; -43947.6; -29707.9
20270; 2543.18; -43947.6; -29828
20280; 2543.18; -47051.3; -30260.6
20290; 2543.18; -47051.3; -30175.4
20300; 2543.18; -47051.3; -30003.4
20310; 2543.18; -47051.3; -29696.4
20320; 2543.18; -44714.7; -30024.7
20330; 2543.18; -44662.1; -30076.4
20340; 2543.18; -46432.8; -29943.3
20350; 2543.18; -46432.8; -30019.4
20360; 2543.18; -46432.8; -29925.1
20370; 2543.18; -44939.6; -29837.7
20380; 2543.18; -44939.6; -29946
20390; 2543.18; -44939.6; -30226.7
20400; 2543.18; -44602; -30115.2
20410; 2543.18; -42844.3; -29806.8
20420; 2543.18; -44530.5; -29816.3
20430; 2543.18; -43849.2; -29790.7
20440; 2543.18; -47994.2; -29619.4
20450; 2543.18; -47994.2; -29648.6
20460; 2543.18; -47994.2; -29740.4
20470; 2543.18; -47085; -29958.3
20480; 2543.18; -46135.5; -29613.6
20490; 2543.18; -44800.8; -29984.2
20500; 2543.18; -45760.6; -29818.1
20510; 2543.18; -45879.3; -29925
20520; 2543.18; -45879.3; -30098.2
20530; 2543.18; -45879.3; -29926.7
20540; 2543.18; -45879.3; -29878.1
20550; 2543.18; -45089.2; -30071.8
20560; 2543.18; -45089.2; -29819.4
20570; 2543.18; -44057.5; -29712.2
20580; 2543.18; -44057.5; -29680.9
20590; 2543.18; -45064.3; -29769.2
20600; 2543.18; -45151.2; -29806.2
20610; 2543.18; -45151.2; -29912
20620; 2543.18; -45365.4; -29712.9
20630; 2543.18; -45365.4; -29633.9
20640; 2543.18; -45003.7; -29636.6
20650; 2543.18; -44615.8; -29480
20660; 2543.18; -44615.8; -29622.9
20670; 2543.18; -44529.4; -29766
20680; 2543.18; -44529.4; -29809.7
20690; 2543.18; -44085.3; -30041.8
20700; 2543.18; -42963.6; -29655.8
20710; 2543.18; -44172.5; -29725.7
20720; 2543.18; -42491.1; -29328.3
20730; 2543.18; -41319.9; -29235.1
20740; 2543.18; -43246; -29078.5
20750; 2543.18; -43246; -29562.3
20760; 2543.18; -42465.3; -29695.8
20770; 2543.18; -41900.6; -29757
20780; 2543.18; -44631.1; -29986.6
20790; 2543.18; -44122; -29944
20800; 2543.18; -43104.3; -29829.3
20810; 2543.18; -47326.5; -29793.9
20820; 2543.18; -47326.5; -29581
20830; 2543.18; -42175.1; -29664.1
20840; 2543.18; -42217.6; -29553.4
20850; 2543.18; -42119; -29418.9
20860; 2543.18; -43529.4; -29593.3
20870; 2543.18; -43193.7; -29124.3
20880; 2543.18; -44008.2; -28992.2
20890; 2543.18; -46287; -29396.8
20900; 2543.18; -46287; -29117.9
20910; 2543.18; -44009; -29092.8
20920; 2543.18; -49353.3; -29542.9
20930; 2543.18; -49353.3; -29612.2
20940; 2543.18; -49353.3; -29248.2
20950; 2543.18; -46492.3; -29126.9
20960; 2543.18; -46492.3; -29288.2
20970; 2543.18; -46330.1; -29543.4
20980; 2543.18; -45390.8; -29751.6
20990; 2543.18; -46287.5; -29884.9
21000; 2543.18; -43831.4; -29788.7
21010; 2543.18; -44571.9; -29557.9
21020; 2543.18; -42069.2; -29997.7
21030; 2543.18; -42982.1; -29927.8
21040; 2543.18; -42982.1; -29695.2
21050; 2543.18; -43096.5; -29625.4
21060; 2543.18; -43144.9; -29513.7
21070; 2543.18; -45964.4; -29775.5
21080; 2543.18; -41210.2; -29494.6
21090; 2543.18; -42359; -29638.7
21100; 2543.18; -42084; -29805.3
21110; 2543.18; -42084; -30021.7
21120; 2543.18; -42372.8; -29590.9
21130; 2543.18; -43446.5; -29472.7
21140; 2543.18; -44370.3; -29469
21150; 2543.18; -44995.4; -29764.9
21160; 2543.18; -44995.4; -29607.8
21170; 2543.18; -43613.1; -29756.1
21180; 2543.18; -46463; -29642.2
21190; 2543.18; -45170.8; -29698.5
21200; 2543.18; -44795.3; -29717.6
21210; 2543.18; -44795.3; -29852.2
21220; 2543.18; -45089.8; -29834.6
21230; 2543.18; -46000.8; -29748.8
21240; 2543.18; -46000.8; -29692.7
21250; 2543.18; -46000.8; -29326.1
21260; 2543.18; -45089.8; -29242.7
21270; 2543.18; -43233.4; -29321.6
21280; 2543.18; -42505; -29184.6
21290; 2543.18; -43435.8; -29144.4
21300; 2543.18; -42278.7; -29286
21310; 2543.18; -41131.8; -29447.1
21320; 2543.18; -43206.8; -29509.7
21330; 2543.18; -44069.3; -29554.5
21340; 2543.18; -44069.3; -29787
21350; 2543.18; -43996.1; -29798.2
21360; 2543.18; -43090; -29832.9
21370; 2543.18; -42099; -29660
21380; 2543.18; -42537.6; -29749.2
21390; 2543.18; -43937.3; -30044.5
21400; 2543.18; -45302.6; -29677.4
21410; 2543.18; -45302.6; -29904.4
21420; 2543.18; -44226.5; -29928.5
21430; 2543.18; -44226.5; -29945.8
21440; 2543.18; -46125.6; -30050
21450; 2543.18; -44897.8; -30001
21460; 2543.18; -46101.1; -30163.2
21470; 2543.18; -47274.5; -29901.8
21480; 2543.18; -45962.3; -29818.3
21490; 2543.18; -45211.1; -29919.2
21500; 2543.18; -44276.3; -29804.1
21510; 2543.18; -44358.9; -29887.3
21520; 2543.18; -44358.9; -29922.6
21530; 2543.18; -44893; -29853.1
21540; 2543.18; -44893; -30083.5
21550; 2543.18; -44893; -30290.5
21560; 2543.18; -44669.2; -30189.6
21570; 2543.18; -45834.8; -30230.8
21580; 2543.18; -45834.8; -30156.4
21590; 2543.18; -47248.9; -30208.2
21600; 2543.18; -45503.2; -30327.9
21610; 2543.18; -46697.6; -30244.4
21620; 2543.18; -45791.3; -30496.2
21630; 2543.18; -45791.3; -30520.8
21640; 2543.18; -45791.3; -30406.5
21650; 2543.18; -45791.3; -30691.9
21660; 2543.18; -45791.3; -30685
21670; 2543.18; -46030.1; -30437.4
21680; 2543.18; -42775.3; -30324.4
21690; 2543.18; -44767; -30438.4
21700; 2543.18; -44767; -30652
21710; 2543.18; -43401.7; -30603.4
21720; 2543.18; -43401.7; -30375.3
21730; 2543.18; -44445.8; -30392.2
21740; 2543.18; -43406.5; -30280.3
21750; 2543.18; -45058.6; -30403.2
21760; 2543.18; -45174.5; -30363.1
21770; 2543.18; -45418.7; -30195.1
21780; 2543.18; -45418.7; -30116.6
21790; 2543.18; -45418.7; -30358
21800; 2543.18; -45418.7; -30050.4
21810; 2543.18; -45418.7; -30318.7
21820; 2543.18; -45333.9; -29983.9
21830; 2543.18; -43226.9; -29913.4
21840; 2543.18; -43226.9; -30008.9
21850; 2543.18; -43226.9; -29896.6
21860; 2543.18; -42044.1; -29770.8
21870; 2543.18; -43763; -29874.7
21880; 2543.18; -42885.2; -29877.2
21890; 2543.18; -43638.7; -29895.8
21900; 2543.18; -43686.4; -30003.5
21910; 2543.18; -44220.4; -29923
21920; 2543.18; -46834.6; -29759
21930; 2543.18; -46834.6; -29868.9
21940; 2543.18; -44540.6; -29572.2
21950; 2543.18; -44885.9; -29847.6
21960; 2543.18; -44885.9; -29829.4
21970; 2543.18; -44885.9; -29639.1
21980; 2543.18; -44885.9; -29778.9
21990; 2543.18; -45101.5; -29956.8
22000; 2543.18; -45721; -29905.9
22010; 2543.18; -47744.5; -30051.6
22020; 2543.18; -46061.9; -30090.3
22030; 2543.18; -46061.9; -30058.4
22040; 2543.18; -45025; -29743.4
22050; 2543.18; -45022.3; -29444.7
22060; 2543.18; -46534.1; -29586.3
22070; 2543.18; -46534.1; -29633.8
22080; 2543.18; -43544.5; -29912.7
22090; 2543.18; -43544.5; -30166.9
22100; 2543.18; -43976.8; -29698.8
22110; 2543.18; -44600.7; -29745.9
22120; 2543.18; -44600.7; -29820.6
22130; 2543.18; -43544.5; -29549.4
22140; 2543.18; -43544.5; -29656.1
22150; 2543.18; -43544.5; -29639.8
22160; 2543.18; -45102; -29882.6
22170; 2543.18; -45102; -30063
22180; 2543.18; -46349.8; -29951.3
22190; 2543.18; -45350.2; -29979
22200; 2543.18; -45350.2; -29952.4
22210; 2543.18; -45350.2; -29768
22220; 2543.18; -45350.2; -29803.4
22230; 2543.18; -44630.9; -29808.7
22240; 2543.18; -43834.8; -29929.7
22250; 2543.18; -43834.8; -29758.7
22260; 2543.18; -43834.8; -29730.9
22270; 2543.18; -43171.5; -29884.1
22280; 2543.18; -43171.5; -29958
22290; 2543.18; -43171.5; -30118
22300; 2543.18; -43171.5; -30146.1
22310; 2543.18; -43171.5; -29947.3
22320; 2543.18; -43650.6; -29533.6
22330; 2543.18; -41591; -29612.1
22340; 2543.18; -42387.3; -29589.8
22350; 2543.18; -43065.8; -29795.8
22360; 2543.18; -43538; -29856.2
22370; 2543.18; -43778.6; -29515.9
22380; 2543.18; -43121.2; -29288.2
22390; 2543.18; -43121.2; -29263.3
22400; 2543.18; -43508.1; -29207.8
22410; 2543.18; -44635.5; -29255.8
22420; 2543.18; -44635.5; -29680.1
22430; 2543.18; -44956; -29725.1
22440; 2543.18; -46813.6; -29751.7
22450; 2543.18; -46813.6; -29754.2
22460; 2543.18; -43612.1; -29773.5
22470; 2543.18; -44174.4; -29798.6
22480; 2543.18; -44774.6; -29870.9
22490; 2543.18; -46046.2; -29460.8
22500; 2543.18; -45565.1; -29407.7
22510; 2543.18; -43325.1; -29418.6
22520; 2543.18; -43829.5; -29760.2
22530; 2543.18; -45497.3; -29988.5
22540; 2543.18; -46535.9; -29767.4
22550; 2543.18; -43954.2; -29761.9
22560; 2543.18; -46540.6; -29672.5
22570; 2543.18; -46448.4; -29564.4
22580; 2543.18; -43828.1; -29669.7
22590; 2543.18; -43828.1; -29889.8
22600; 2543.18; -43828.1; -29557.7
22610; 2543.18; -43828.1; -29686.3
22620; 2543.18; -44867.1; -29738.5
22630; 2543.18; -46603.1; -29998.8
22640; 2543.18; -45802.1; -30073.1
22650; 2543.18; -48262.2; -30076.6
22660; 2543.18; -46649.7; -29685.1
22670; 2543.18; -45921; -29593.9
22680; 2543.18; -43627.8; -29565.6
22690; 2543.18; -43627.8; -29290.2
22700; 2543.18; -44362.3; -29611.5
22710; 2543.18; -44362.3; -29561.4
22720; 2543.18; -43599.4; -29590.5
22730; 2543.18; -44456; -29425.2
22740; 2543.18; -44456; -29467.8
22750; 2543.18; -43619.4; -29411.1
22760; 2543.18; -44107.6; -29569.5
22770; 2543.18; -44107.6; -29521.8
22780; 2543.18; -43271.9; -29591.8
22790; 2543.18; -43271.9; -29459.8
22800; 2543.18; -44811.6; -29559.1
22810; 2543.18; -44811.6; -29743.2
22820; 2543.18; -42064.7; -29638.5
22830; 2543.18; -42064.7; -29427.6
22840; 2543.18; -42600.7; -29480.7
22850; 2543.18; -42600.7; -29367.8
22860; 2543.18; -46226.8; -29334.4
22870; 2543.18; -44204.1; -29267
22880; 2543.18; -47244; -29653.2
22890; 2543.18; -44051.1; -29652.9
22900; 2543.18; -44591.7; -29796.4
22910; 2543.18; -43247; -29634.9
22920; 2543.18; -43247; -29553.8
22930; 2543.18; -43256.4; -29832.7
22940; 2543.18; -43256.4; -29770.7
22950; 2543.18; -41705; -29812.3
22960; 2543.18; -41699.2; -29805.4
22970; 2543.18; -42826.5; -29870.1
22980; 2543.18; -44103.1; -29951.9
22990; 2543.18; -45321.6; -29576.7
23000; 2543.18; -44400.5; -29552.1
23010; 2543.18; -43637.5; -29350.7
23020; 2543.18; -44636; -29275.2
23030; 2543.18; -43637.5; -29458.3
23040; 2543.18; -43637.5; -29358.2
23050; 2543.18; -43637.5; -29312.7
23060; 2543.18; -43863; -29561.6
23070; 2543.18; -43181.9; -29569
23080; 2543.18; -43446.6; -29912.1
23090; 2543.18; -42052.4; -30018.8
23100; 2543.18; -42052.4; -30179.3
23110; 2543.18; -45954.7; -30145.6
23120; 2543.18; -46661.3; -30095.8
23130; 2543.18; -44038.2; -29628.7
23140; 2543.18; -43324; -29585.4
23150; 2543.18; -43773.1; -29489.1
23160; 2543.18; -44141.2; -29635.9
23170; 2543.18; -44141.2; -29602.1
