temp; best; diff
999900; 17128.7; -200.159
951132; 16013.9; -47.9095
904742; 16030.8; -673.103
860615; 16201.7; 988.93
818641; 16590.7; 28.2201
778713; 16674.3; -142.137
740733; 17059; -285.391
704605; 16172.1; -746.316
670240; 16065; 6.07932
637550; 16647.7; 705.015
606455; 16009.8; -252.651
576876; 16316.3; 372.766
548740; 15983.9; -701.472
521977; 16478.1; 312.109
496518; 15810.9; -94.0436
472302; 16635.9; -235.469
449266; 15588.4; 505.861
427354; 16963.6; 421.182
406511; 15978.8; -21.2321
386684; 16137.9; -32.3129
367824; 16625.4; 13.65
349884; 16458.4; -44.717
332819; 16560.1; -186.309
316587; 16790.6; -43.3906
301146; 17406.5; 1403.51
286458; 15481.7; -227.649
272487; 16314.2; 30.3561
259197; 16274.4; 356.573
246555; 16111.7; 134.178
234530; 16352.8; 330.873
223091; 16849.5; 44.4041
212210; 16135.7; 20.2945
201860; 17017.7; 186.286
192015; 16837.5; 8.18055
182650; 15483.5; 362.614
173741; 17266.7; -20.6068
165267; 15753.1; -119.374
157207; 17061; 14.6758
149539; 16520.3; -20.2672
142246; 17498.5; -484.602
135308; 17398.4; 15.2083
128709; 15963.1; -410.868
122431; 16311.7; -5.17238
116460; 16784.8; -149.245
110780; 16866.8; -341.724
105377; 16854.8; 456.876
100237; 16296.3; -13.8511
95348.4; 15722; -109.732
90698; 15498.7; 85.1901
86274.4; 16445.1; -792.226
82066.5; 16141.6; -114.619
78063.9; 17133.5; 19.0034
74256.5; 16422.4; 851.787
70634.8; 16163.3; 176.72
67189.7; 16340.6; -85.5491
63912.7; 15995.9; -216.757
60795.5; 16298.9; 590.763
57830.3; 16431.1; 0
55009.7; 16475; 144.538
52326.8; 17344.6; -188.568
49774.6; 17787.8; 1.55618
47347; 15075.9; 193.882
45037.7; 16556.4; -264.365
42841.1; 16777.4; -64.7925
40751.6; 16207.8; -1.79775
38764; 17386.3; 95.8382
36873.4; 16097.7; 25.2084
35075; 16370.8; -1.31354
33364.3; 15965.4; 6.03667
31737; 15509.4; -111.456
30189.1; 16281.4; -703.103
28716.7; 15661.8; -4.24728
27316.1; 15969.3; 210.748
25983.8; 16425.2; 15.2926
24716.5; 16808.8; -27.8259
23511; 17032.4; 1498.89
22364.3; 16153.8; 385.476
21273.5; 17130.4; -252.778
20235.9; 17009.5; 222.015
19249; 15475.7; 24.3763
18310.1; 17763.4; 498.794
17417.1; 16625; 456.045
16567.6; 17164.2; 26.336
15759.6; 14277.1; -841.12
14990.9; 17052.8; -15.7712
14259.8; 17045.4; 950.528
13564.3; 15486.8; 3.32142
12902.7; 17530.3; 1122.22
12273.4; 15761.3; -7.97645
11674.8; 17968; 1997.62
11105.4; 16662; 5.06352
10563.7; 15275.8; 64.1089
10048.5; 15596.2; 119.9
9558.42; 15265.8; 82.1227
9092.23; 16581; -127.143
8648.78; 16996.4; 884.94
8226.95; 16851.1; 139.037
7825.7; 17267.1; 0
7444.01; 15619.9; 5.84543
7080.95; 15156.3; 15.2676
6735.59; 18220.2; 1492.6
6407.07; 16624.8; -249.326
6094.58; 17658.4; 1621.92
5797.33; 16615; -44.6537
5514.58; 16796.6; -44.9874
5245.62; 16124.8; -387.376
4989.77; 16851.3; -14.6512
4746.41; 16714.5; -545.937
4514.91; 16605.9; -73.4839
4294.7; 16028.5; -114.723
4085.24; 16647; 0.0447452
3885.99; 16513; 356.43
3696.46; 16447; -15.1365
3516.17; 16118.3; -120.393
3344.68; 16790.6; -443.569
3181.55; 17455; -24.1288
3026.37; 16493.5; 95.6333
2878.77; 17439.9; -49.0681
2738.36; 15641.7; -791.932
2604.8; 16412.8; 0.207772
2477.76; 15666.8; -466.979
2356.91; 17875.4; 1238.37
2241.96; 14817.7; -159.527
2132.61; 15647.5; -513.051
2028.6; 15021.6; 0
1929.66; 16364.4; -526.785
1835.54; 16289.4; 36.4454
1746.02; 16319.4; -158.238
1660.86; 17733.4; -570.224
1579.85; 17534.2; 0
1502.8; 16198.2; -58.842
1429.5; 16958.8; 80.3203
1359.78; 16019.9; -1320.59
1293.46; 17188.7; 0
1230.38; 16218.4; 388.662
1170.37; 16484.9; -345.833
1113.29; 15661; -55.0802
1058.99; 16834.2; -1.42028
1007.34; 16621.7; -27.2533
958.206; 16769.3; -338.72
911.472; 17468.3; -544.719
867.017; 17939.4; 239.637
824.73; 16076.6; 68.13
784.505; 16847.4; 505.56
746.242; 17094.3; -293.037
709.846; 16302.5; 0
675.225; 16737.5; 91.2004
642.292; 17072.4; 0
610.966; 17709.5; -439.571
581.167; 17109; -675.603
552.822; 16500; 3.28575
525.859; 17441.4; 15.8494
500.211; 17136.9; 30.1854
475.814; 16865.4; -1259.75
452.608; 17963.5; 106.165
430.533; 16625.1; 251.02
409.534; 17096.3; -1912.94
389.56; 18256.1; -613.227
370.56; 17526.8; 97.7318
352.487; 17896.5; -247.271
335.295; 17901.7; 48.119
318.942; 18036.1; -331.962
303.386; 18753.5; 35.0941
288.589; 18832.2; -816.09
274.514; 17395.4; 181.526
261.125; 19050; -102.493
248.389; 18515.8; -343.36
236.274; 17044.8; 189.358
224.75; 18222.8; -701.309
213.789; 17695.7; 136.779
203.362; 18202.4; 16.522
193.443; 19138.9; -54.5224
184.008; 18380.8; -663.323
175.034; 19155.5; -1847.3
166.497; 18073.4; -238.01
158.376; 18328.5; 24.7711
150.652; 19203.2; -87.2534
143.304; 18016.2; -272.384
136.315; 19048.6; 7.36422
129.666; 18602; -81.018
123.342; 19059.9; -129.345
117.326; 17950.8; -76.9525
111.604; 18695.9; -41.3757
106.161; 18813.2; -33.1873
100.983; 19133.7; 0.12583
96.0576; 19319.9; -1334.57
91.3726; 19500.2; -146.468
86.9161; 18808.8; 37.4413
82.6769; 18962.5; 12.4794
78.6445; 19859.9; -1619.59
74.8088; 19973.7; -65.5928
71.1602; 19341.4; -3080.55
67.6895; 20040.3; -96.9683
64.388; 19222.4; -1530.75
61.2477; 20030.4; -268.772
58.2604; 20000.1; 9.9846
55.4189; 19712.7; 148.763
52.7159; 20070.3; 3.5832
50.1448; 20158.4; 0
47.6991; 20177.2; -5186.69
45.3727; 20091.2; 11.7613
43.1597; 20295.7; -36.8928
41.0547; 19613.3; -3515.25
39.0523; 20072.8; -51.2831
37.1477; 20271.1; -20.4604
35.3358; 20735.9; -236.443
33.6124; 20872.8; -366.868
31.973; 20381.9; -213.069
30.4136; 20514.3; -474.416
28.9303; 20566.2; -778.086
27.5192; 20649.3; -3905.62
26.177; 20874.9; -53.377
24.9003; 20702.4; -430.603
23.6859; 20691.1; -2450.95
22.5306; 20988.6; -2042.02
21.4317; 21184; -632.462
20.3865; 21062.3; -51.2033
19.3921; 21006.7; -73.6372
18.4463; 21105; -888.375
17.5466; 21231.7; -1295.5
16.6908; 21290.6; -2594.14
15.8768; 21351.3; -40.5096
15.1024; 21555.7; -3042.15
14.3658; 21540.1; -101.266
13.6652; 21659.9; -329.483
12.9987; 21766.6; -1378.21
12.3647; 21864.3; -164.692
11.7616; 21849; -758.113
11.188; 21732.5; 12.6286
10.6423; 21835; -35.9473
10.1233; 21885.8; -5600.16
9.62952; 21839.4; -306.994
9.15986; 21923.9; -19.7416
8.7131; 21975.2; -82.29
8.28814; 22069.1; -149.42
7.8839; 22057.5; -70.8787
7.49938; 22116.8; -79.6349
7.13361; 22130.2; -51.6847
6.78569; 22149.4; -9.99431
6.45473; 22145.8; -2937.46
6.13991; 22191.4; -1273.93
5.84045; 22188.1; -112.437
5.55559; 22252.1; -1003.93
5.28463; 22242.2; -1470.84
5.02689; 22239.6; -99.4299
4.78171; 22260; -5018.47
4.54849; 22226.7; 1.04079
4.32665; 22294.6; -281.48
4.11562; 22285.9; -617.079
3.91489; 22334.3; 0
3.72395; 22332.7; -1001.8
3.54232; 22358.3; -209.252
3.36955; 22387.1; -9.00579
3.20521; 22382.6; -323.884
3.04888; 22393.8; 0
2.90018; 22388.6; -701.431
2.75873; 22388.4; -220.5
2.62418; 22405.9; -33.3474
2.49619; 22432.4; -79.4888
2.37444; 22442.3; -260.286
2.25863; 22455.9; -2934.05
2.14847; 22484.2; -68.3826
2.04369; 22473.7; -5572.68
1.94401; 22490.1; 12.4233
1.8492; 22499.4; -619.237
1.759; 22499.4; -226.421
1.67321; 22498.6; -259.921
1.59161; 22509.5; -1083.46
1.51398; 22510.2; -7.23458
1.44014; 22515.6; -663.484
1.3699; 22522.4; -401.74
1.30308; 22524; -85.8937
1.23953; 22523.5; -54.309
1.17907; 22525.1; -22.9404
1.12157; 22537.2; -4008.55
1.06686; 22540.3; -1575.41
1.01483; 22539.1; -1566.2
0.965333; 22539.1; -12.3607
0.918251; 22538.9; -82.9221
0.873465; 22538.9; -520.762
0.830864; 22538.9; -759.122
0.79034; 22545.9; 0
0.751793; 22550.8; -96.462
0.715126; 22551.2; -630.88
0.680247; 22554.1; -5226.22
0.647069; 22554.1; -181.311
0.61551; 22554.1; -4619.42
0.58549; 22559.1; -93.2381
0.556933; 22565.1; -2889.99
0.52977; 22565.1; -696.314
0.503932; 22565.1; -1428.79
0.479353; 22570.2; -57.693
0.455974; 22570.2; -240.041
0.433735; 22570.2; -984.84
0.41258; 22570.2; -104.905
0.392458; 22570.2; -268.937
0.373316; 22570.2; -15.9304
0.355108; 22570.2; -28.5692
0.337789; 22572; -236.357
0.321314; 22572; -2252.45
0.305642; 22572; -138.771
0.290735; 22572; -241.954
0.276555; 22572; -2793.67
0.263067; 22572; -148.847
0.250236; 22572.7; -2977.02
0.238032; 22574.5; -72.9997
0.226422; 22574.5; -9.57062
0.215379; 22574.5; -1152.03
0.204874; 22574.5; -61.8808
0.194882; 22574.5; 0
0.185377; 22574.5; -57.2332
0.176335; 22574.5; -88.1466
0.167735; 22574.5; -101.268
0.159554; 22574.5; -568.505
0.151772; 22574.5; -79.0483
0.14437; 22574.5; -197.355
0.137328; 22574.5; -116.96
0.130631; 22574.5; -2175.03
0.124259; 22574.5; -84.8572
0.118199; 22574.5; -473.641
0.112434; 22574.5; -3783.9
0.10695; 22574.5; -1299.29
0.101734; 22574.5; -257.481
0.0967721; 22574.5; -491.917
0.0920522; 22574.5; -598.542
0.0875625; 22574.5; -43.4139
0.0832919; 22574.5; -3602.36
0.0792295; 22574.5; -137.223
0.0753652; 22574.5; -107.159
0.0716894; 22574.5; -95.7937
0.0681929; 22574.5; -201.43
0.064867; 22574.5; -40.1733
0.0617032; 22574.5; -45.8799
0.0586938; 22574.5; -558.852
0.0558311; 22574.5; -52.5091
0.053108; 22574.5; -119.333
0.0505178; 22574.5; -361.535
0.0480539; 22574.5; 0
0.0457102; 22574.5; -121.458
0.0434807; 22574.5; -52.8046
0.0413601; 22574.5; -326.587
0.0393428; 22574.5; -1737.25
0.0374239; 22574.5; -44.1532
0.0355987; 22574.5; -23.8639
0.0338624; 22574.5; -1735.7
0.0322108; 22574.5; -205.334
0.0306398; 22574.5; -2057.33
0.0291454; 22574.5; -2504.76
0.0277239; 22574.5; -168.002
0.0263717; 22574.5; -1170.62
0.0250855; 22574.5; -1490.4
0.023862; 22574.5; -6.37875
0.0226982; 22574.5; -3693.51
0.0215911; 22574.5; -496.091
0.0205381; 22574.5; -2191.48
0.0195364; 22574.5; -75.7113
0.0185835; 22574.5; -526.206
0.0176772; 22574.5; -1754.04
0.016815; 22574.5; -1481.81
0.0159949; 22574.5; -1270.28
0.0152148; 22574.5; -2709.66
0.0144727; 22574.5; -73.3059
0.0137668; 22574.5; -64.3703
0.0130954; 22574.5; -2317.24
0.0124567; 22574.5; -898.55
0.0118491; 22574.5; -12.687
0.0112712; 22574.5; -43.2424
0.0107215; 22574.5; -280.677
0.0101986; 22574.5; -103.001
0.00970114; 22574.5; -1252.73
0.00922799; 22574.5; -137.223
0.00877791; 22574.5; -167.243
0.00834978; 22574.5; -27.4375
0.00794254; 22574.5; -3078.6
0.00755516; 22574.5; -30.2307
0.00718667; 22574.5; -2760.01
0.00683616; 22574.5; -251.967
0.00650274; 22574.5; -246.989
0.00618558; 22574.5; -196.223
0.00588389; 22574.5; -1137.9
0.00559692; 22574.5; -3572.28
0.00532394; 22574.5; -132.602
0.00506427; 22574.5; -2776.51
0.00481727; 22574.5; -39.2726
0.00458232; 22574.5; -447.973
0.00435883; 22574.5; 0
0.00414624; 22574.5; -1443.17
0.00394401; 22574.5; -29.7034
0.00375165; 22574.5; -39.0186
0.00356867; 22574.5; -726.684
0.00339462; 22574.5; -1696.31
0.00322905; 22574.5; -164.482
0.00307156; 22574.5; -3802.68
0.00292175; 22574.5; -78.3366
0.00277925; 22574.5; -1464.81
0.0026437; 22574.5; -3214.24
0.00251476; 22574.5; -73.1999
0.0023921; 22574.5; -36.1487
0.00227543; 22574.5; -166.223
0.00216445; 22574.5; -59.1788
0.00205889; 22574.5; -739.926
0.00195847; 22574.5; -2817.76
0.00186295; 22574.5; -37.1404
0.00177209; 22574.5; -3102.77
0.00168566; 22574.5; -9.6183
0.00160344; 22574.5; -491.053
0.00152524; 22574.5; -375.558
0.00145085; 22574.5; -660.455
0.00138009; 22574.5; -558.852
0.00131278; 22574.5; -221.376
0.00124875; 22574.5; -2360.01
0.00118784; 22574.5; 0
0.00112991; 22574.5; -3149.81
0.0010748; 22574.5; -307.947
0.00102238; 22574.5; -1011.85
0.000972513; 22574.5; -78.9574
0.000925081; 22574.5; -4934.98
0.000879962; 22574.5; -2.82581
0.000837044; 22574.5; -77.0554
0.000796218; 22574.5; -518.078
0.000757384; 22574.5; -66.486
0.000720445; 22574.5; -78.71
0.000685306; 22574.5; -82.8836
0.000651882; 22574.5; -57.7986
0.000620088; 22574.5; -159.36
0.000589844; 22574.5; -4842.89
0.000561076; 22574.5; -376.276
0.00053371; 22574.5; -3844.39
0.00050768; 22574.5; -190.029
0.000482919; 22574.5; -1571.63
0.000459365; 22574.5; -1616.96
0.000436961; 22574.5; -4.90511
0.000415649; 22574.5; -1288.27
0.000395377; 22574.5; -124.269
0.000376093; 22574.5; -451.126
0.00035775; 22574.5; -445.701
0.000340301; 22574.5; -2116.44
0.000323704; 22574.5; -222.431
0.000307916; 22574.5; -42.1793
0.000292898; 22574.5; -159.956
0.000278612; 22574.5; -127.287
0.000265024; 22574.5; -226.713
0.000252098; 22574.5; -101.795
0.000239802; 22574.5; -262.821
0.000228106; 22574.5; -2931.36
0.000216981; 22574.5; 0
0.000206398; 22574.5; -99.8281
0.000196331; 22574.5; -2666.47
0.000186756; 22574.5; -308.83
0.000177647; 22574.5; -683.897
0.000168983; 22574.5; -1228.68
0.000160741; 22574.5; -240.041
0.000152901; 22574.5; -699.715
0.000145444; 22574.5; 0
0.00013835; 22574.5; 0
0.000131602; 22574.5; 0
0.000125184; 22574.5; -15.6818
0.000119078; 22574.5; -367.659
0.00011327; 22574.5; -86.2706
0.000107746; 22574.5; -1144.35
0.000102491; 22574.5; -82.026
9.74918e-05; 22574.5; -313.025
9.27369e-05; 22574.5; -1498.04
8.82138e-05; 22574.5; -63.644
8.39114e-05; 22574.5; -850.262
7.98188e-05; 22574.5; -40.783
7.59258e-05; 22574.5; -83.2601
7.22226e-05; 22574.5; -171.999
6.87001e-05; 22574.5; -1833.72
6.53494e-05; 22574.5; -1401.53
6.21621e-05; 22574.5; -4586.22
5.91303e-05; 22574.5; -4.77722
5.62463e-05; 22574.5; -4088.03
5.3503e-05; 22574.5; -275.471
5.08935e-05; 22574.5; -981.841
4.84113e-05; 22574.5; -61.6334
4.60502e-05; 22574.5; -786.02
4.38041e-05; 22574.5; -32.1298
4.16677e-05; 22574.5; -115.094
3.96354e-05; 22574.5; -57.0934
3.77023e-05; 22574.5; -736.319
3.58634e-05; 22574.5; -66.486
3.41143e-05; 22574.5; -20.7483
3.24504e-05; 22574.5; -260.945
3.08677e-05; 22574.5; -62.8812
2.93622e-05; 22574.5; 0
2.79301e-05; 22574.5; -364.939
2.65679e-05; 22574.5; -102.064
2.52721e-05; 22574.5; -845.059
2.40395e-05; 22574.5; -11.6299
2.2867e-05; 22574.5; -119.875
2.17517e-05; 22574.5; -186.386
2.06908e-05; 22574.5; -646.855
1.96817e-05; 22574.5; -3507.5
1.87218e-05; 22574.5; -92.7148
1.78086e-05; 22574.5; -726.684
1.69401e-05; 22574.5; -192.972
1.61138e-05; 22574.5; -518.575
1.53279e-05; 22574.5; -4501.31
1.45803e-05; 22574.5; -491.917
1.38692e-05; 22574.5; -715.236
1.31928e-05; 22574.5; -2207.8
1.25493e-05; 22574.5; -337.843
1.19372e-05; 22574.5; -583.014
1.1355e-05; 22574.5; -36.1964
1.08012e-05; 22574.5; -4258.25
1.02744e-05; 22574.5; -1165
9.77329e-06; 22574.5; -856.548
9.29662e-06; 22574.5; -112.174
8.8432e-06; 22574.5; -101.227
8.41189e-06; 22574.5; -6.27495
8.00162e-06; 22574.5; -512.968
7.61135e-06; 22574.5; -21.1818
7.24013e-06; 22574.5; -218.653
6.887e-06; 22574.5; -1902.28
6.5511e-06; 22574.5; -1840.82
6.23159e-06; 22574.5; -98.3257
5.92765e-06; 22574.5; -1857.06
5.63854e-06; 22574.5; -36.2738
5.36354e-06; 22574.5; 0
5.10194e-06; 22574.5; -3087.84
4.8531e-06; 22574.5; -348.175
4.6164e-06; 22574.5; -756.805
4.39125e-06; 22574.5; -3871.26
4.17707e-06; 22574.5; -888.204
3.97335e-06; 22574.5; -2270.56
3.77955e-06; 22574.5; -482.479
3.59521e-06; 22574.5; -32.2371
3.41986e-06; 22574.5; -164.482
3.25307e-06; 22574.5; -128.353
3.09441e-06; 22574.5; -1338.18
2.94348e-06; 22574.5; -262.324
2.79992e-06; 22574.5; -221.849
2.66336e-06; 22574.5; -48.9008
2.53346e-06; 22574.5; -6.86115
2.4099e-06; 22574.5; -70.7027
2.29236e-06; 22574.5; -162.268
2.18055e-06; 22574.5; -332.979
2.0742e-06; 22574.5; -1214.53
1.97304e-06; 22574.5; -420.054
1.87681e-06; 22574.5; -46.0543
1.78527e-06; 22574.5; 0
1.6982e-06; 22574.5; -1320
1.61537e-06; 22574.5; -931.198
1.53658e-06; 22574.5; -2139.6
1.46164e-06; 22574.5; -93.169
1.39035e-06; 22574.5; -75.7113
1.32254e-06; 22574.5; -30.0261
1.25804e-06; 22574.5; -791.594
1.19668e-06; 22574.5; -1718.03
1.13831e-06; 22574.5; -109.8
1.08279e-06; 22574.5; -75.0271
1.02998e-06; 22574.5; -46.9712
9.79746e-07; 22574.5; -177.933
9.31961e-07; 22574.5; -167.649
8.86507e-07; 22574.5; -1912.4
8.43269e-07; 22574.5; -416.218
8.02141e-07; 22574.5; -2115.96
7.63018e-07; 22574.5; -19.0009
7.25803e-07; 22574.5; -479.632
6.90404e-07; 22574.5; -2186.71
6.56731e-07; 22574.5; -448.498
6.247e-07; 22574.5; -55.1613
5.94231e-07; 22574.5; -18.9173
5.65249e-07; 22574.5; -48.9326
5.3768e-07; 22574.5; -530.42
5.11456e-07; 22574.5; -856.548
4.86511e-07; 22574.5; -137.329
4.62782e-07; 22574.5; -666.723
4.40211e-07; 22574.5; -41.773
4.1874e-07; 22574.5; -2503.37
3.98317e-07; 22574.5; -67.4211
3.7889e-07; 22574.5; -3615.16
3.60411e-07; 22574.5; -257.481
3.42832e-07; 22574.5; -593.583
3.26111e-07; 22574.5; -109.505
3.10206e-07; 22574.5; -53.6981
2.95076e-07; 22574.5; -177.933
2.80685e-07; 22574.5; -408.075
2.66995e-07; 22574.5; -1469.3
2.53973e-07; 22574.5; -479.632
2.41586e-07; 22574.5; -9.6183
2.29803e-07; 22574.5; -125.082
2.18595e-07; 22574.5; -420.52
2.07933e-07; 22574.5; -2486.02
1.97792e-07; 22574.5; -691.87
1.88145e-07; 22574.5; -894.445
1.78968e-07; 22574.5; -111.881
1.7024e-07; 22574.5; -34.8354
1.61936e-07; 22574.5; -182.095
1.54038e-07; 22574.5; -189.81
1.46525e-07; 22574.5; -85.8235
1.39379e-07; 22574.5; -17.9964
1.32581e-07; 22574.5; -780.084
1.26115e-07; 22574.5; -8.88401
1.19964e-07; 22574.5; -744.359
1.14113e-07; 22574.5; -320.761
1.08547e-07; 22574.5; -30.0261
1.03253e-07; 22574.5; -1986.11
9.82169e-08; 22574.5; -57.0934
9.34266e-08; 22574.5; -749.162
8.88699e-08; 22574.5; -80.395
8.45355e-08; 22574.5; -184.895
8.04124e-08; 22574.5; -24.5196
7.64905e-08; 22574.5; -408.075
7.27598e-08; 22574.5; -66.2055
6.92111e-08; 22574.5; -419.106
6.58355e-08; 22574.5; -3.65808
6.26245e-08; 22574.5; -105.283
5.95701e-08; 22574.5; -746.162
5.66647e-08; 22574.5; -121.458
5.3901e-08; 22574.5; -244.813
5.12721e-08; 22574.5; -474.042
4.87714e-08; 22574.5; -36.0995
4.63927e-08; 22574.5; -898.03
4.413e-08; 22574.5; -3.86468
4.19776e-08; 22574.5; -2817.76
3.99302e-08; 22574.5; -3888.04
3.79827e-08; 22574.5; -228.428
3.61302e-08; 22574.5; -666.723
3.4368e-08; 22574.5; -628.226
3.26918e-08; 22574.5; -1091.97
3.10973e-08; 22574.5; -341.038
2.95806e-08; 22574.5; -156.336
2.81379e-08; 22574.5; -376.224
2.67655e-08; 22574.5; -31.1344
2.54601e-08; 22574.5; -535.079
2.42183e-08; 22574.5; -3276
2.30371e-08; 22574.5; -530.341
2.19135e-08; 22574.5; -660.809
2.08447e-08; 22574.5; 0
1.98281e-08; 22574.5; -865.064
1.8861e-08; 22574.5; -13.7128
1.79411e-08; 22574.5; -132.247
1.70661e-08; 22574.5; -14.8711
1.62337e-08; 22574.5; -131.505
1.54419e-08; 22574.5; -3545.62
1.46888e-08; 22574.5; -599.373
1.39724e-08; 22574.5; -59.4255
1.32909e-08; 22574.5; -111.385
1.26427e-08; 22574.5; -46.4369
1.2026e-08; 22574.5; -1927.3
1.14395e-08; 22574.5; -35.1286
1.08816e-08; 22574.5; -383.44
1.03508e-08; 22574.5; -2479.03
9.84599e-09; 22574.5; -54.9766
9.36577e-09; 22574.5; -889.591
8.90897e-09; 22574.5; -1927.3
8.47445e-09; 22574.5; -3458.39
8.06113e-09; 22574.5; -66.5015
7.66797e-09; 22574.5; -8.18531
7.29398e-09; 22574.5; -57.4778
6.93823e-09; 22574.5; -5027.77
6.59983e-09; 22574.5; -358.891
6.27794e-09; 22574.5; -2124.16
5.97174e-09; 22574.5; -45.041
5.68048e-09; 22574.5; -257.481
5.40343e-09; 22574.5; 0
5.13989e-09; 22574.5; -4970.21
4.8892e-09; 22574.5; -39.783
4.65074e-09; 22574.5; -2124.16
4.42391e-09; 22574.5; -127.191
4.20814e-09; 22574.5; -56.7101
4.0029e-09; 22574.5; -320.684
3.80767e-09; 22574.5; 0
3.62195e-09; 22574.5; -4519.64
3.4453e-09; 22574.5; -3146.03
3.27726e-09; 22574.5; -85.9854
3.11742e-09; 22574.5; 0
2.96538e-09; 22574.5; -254.875
2.82075e-09; 22574.5; -83.6913
2.68317e-09; 22574.5; -823.884
2.5523e-09; 22574.5; -28.2011
2.42782e-09; 22574.5; -39.7391
2.30941e-09; 22574.5; -26.068
2.19677e-09; 22574.5; -171.703
2.08963e-09; 22574.5; -14.8711
1.98771e-09; 22574.5; -52.7058
1.89076e-09; 22574.5; -359.338
1.79855e-09; 22574.5; -84.8572
1.71083e-09; 22574.5; -194.816
1.62738e-09; 22574.5; -2539.21
1.54801e-09; 22574.5; -128.033
1.47251e-09; 22574.5; -660.809
1.40069e-09; 22574.5; 0
1.33238e-09; 22574.5; -119.698
1.26739e-09; 22574.5; -394.344
1.20558e-09; 22574.5; -4017.13
1.14678e-09; 22574.5; -87.0631
1.09085e-09; 22574.5; -152.505
1.03764e-09; 22574.5; -94.6087
9.87034e-10; 22574.5; 0
9.38893e-10; 22574.5; -114.105
8.931e-10; 22574.5; -207.083
8.49541e-10; 22574.5; -830.262
8.08107e-10; 22574.5; -18.1003
7.68693e-10; 22574.5; -987.581
7.31201e-10; 22574.5; -242.187
6.95539e-10; 22574.5; -572.324
6.61615e-10; 22574.5; -241.929
6.29346e-10; 22574.5; -57.956
5.98651e-10; 22574.5; -95.0359
5.69453e-10; 22574.5; -358.484
5.41679e-10; 22574.5; -2504.76
5.1526e-10; 22574.5; -39.7468
4.90129e-10; 22574.5; -67.0195
4.66224e-10; 22574.5; -114.267
4.43485e-10; 22574.5; -176.218
4.21855e-10; 22574.5; -863.015
4.0128e-10; 22574.5; -613.504
3.81708e-10; 22574.5; -3055.98
3.63091e-10; 22574.5; -47.8147
3.45382e-10; 22574.5; 0
3.28537e-10; 22574.5; -118.978
3.12513e-10; 22574.5; -1683.17
2.97271e-10; 22574.5; -27.8746
2.82772e-10; 22574.5; -491.053
2.68981e-10; 22574.5; -167.649
2.55862e-10; 22574.5; -2290.18
2.43382e-10; 22574.5; -33.5956
2.31512e-10; 22574.5; -34.4264
2.2022e-10; 22574.5; -83.0734
2.0948e-10; 22574.5; -11.2782
1.99263e-10; 22574.5; -2456.03
1.89544e-10; 22574.5; -109.295
1.80299e-10; 22574.5; -218.653
1.71506e-10; 22574.5; -60.2906
1.63141e-10; 22574.5; -195.178
1.55184e-10; 22574.5; -71.928
1.47615e-10; 22574.5; -1483.54
1.40416e-10; 22574.5; -74.6587
1.33567e-10; 22574.5; -72.1613
1.27053e-10; 22574.5; -42.1793
1.20856e-10; 22574.5; -572.782
1.14961e-10; 22574.5; -156.336
1.09354e-10; 22574.5; -4055.01
1.04021e-10; 22574.5; -36.8943
9.89475e-11; 22574.5; -614.717
9.41215e-11; 22574.5; -32.4664
8.95309e-11; 22574.5; -143.308
8.51642e-11; 22574.5; -723.271
8.10105e-11; 22574.5; -1513.45
7.70594e-11; 22574.5; -183.654
7.3301e-11; 22574.5; -60.0599
6.97259e-11; 22574.5; -88.8772
6.63251e-11; 22574.5; -976.48
6.30903e-11; 22574.5; -6.37875
6.00132e-11; 22574.5; -81.8823
5.70862e-11; 22574.5; -2917.82
5.43019e-11; 22574.5; -83.0734
5.16534e-11; 22574.5; -2242.32
4.91341e-11; 22574.5; -910.664
4.67377e-11; 22574.5; -3306.82
4.44582e-11; 22574.5; -739.926
4.22898e-11; 22574.5; -3018.49
4.02272e-11; 22574.5; -2417.9
3.82652e-11; 22574.5; -152.505
3.63989e-11; 22574.5; 0
3.46236e-11; 22574.5; -991.945
3.29349e-11; 22574.5; -5874.6
3.13286e-11; 22574.5; -194.816
2.98006e-11; 22574.5; -107.159
2.83472e-11; 22574.5; -148.634
2.69646e-11; 22574.5; -3660.29
2.56494e-11; 22574.5; -364.939
2.43984e-11; 22574.5; -1577.2
2.32085e-11; 22574.5; -7116.55
2.20765e-11; 22574.5; -433.61
2.09998e-11; 22574.5; -458.014
1.99756e-11; 22574.5; -35.0776
1.90013e-11; 22574.5; -551.046
1.80745e-11; 22574.5; -239.19
1.7193e-11; 22574.5; -53.3056
1.63544e-11; 22574.5; -767.782
1.55568e-11; 22574.5; -482.479
1.4798e-11; 22574.5; -2290.18
1.40763e-11; 22574.5; -93.782
1.33897e-11; 22574.5; -448.808
1.27367e-11; 22574.5; 0
1.21155e-11; 22574.5; -1673.83
1.15246e-11; 22574.5; -138.636
1.09625e-11; 22574.5; -1796.58
1.04278e-11; 22574.5; -80.8817
9.91922e-12; 22574.5; -48.4128
9.43543e-12; 22574.5; -84.2126
8.97523e-12; 22574.5; -63.4424
8.53749e-12; 22574.5; -33.1772
8.12109e-12; 22574.5; -117.728
7.725e-12; 22574.5; -3577.89
7.34823e-12; 22574.5; -5581.78
6.98983e-12; 22574.5; -118.464
6.64892e-12; 22574.5; -319.49
6.32463e-12; 22574.5; -114.394
6.01616e-12; 22574.5; -412.032
5.72273e-12; 22574.5; -115.448
5.44362e-12; 22574.5; -28.739
5.17812e-12; 22574.5; -62.0844
4.92557e-12; 22574.5; -1818.72
4.68533e-12; 22574.5; -180.704
4.45681e-12; 22574.5; -4190.42
4.23944e-12; 22574.5; -25.8111
4.03267e-12; 22574.5; -1796.58
3.83599e-12; 22574.5; -856.548
3.64889e-12; 22574.5; -494.86
3.47093e-12; 22574.5; -5373.94
3.30164e-12; 22574.5; -2785.14
3.14061e-12; 22574.5; -54.5164
2.98743e-12; 22574.5; -29.019
2.84173e-12; 22574.5; -91.3713
2.70313e-12; 22574.5; -620.078
2.57129e-12; 22574.5; -1214.53
2.44588e-12; 22574.5; -61.32
2.32659e-12; 22574.5; -501.504
2.21311e-12; 22574.5; -738.379
2.10517e-12; 22574.5; 0
2.0025e-12; 22574.5; -1210.26
1.90483e-12; 22574.5; -9.6183
1.81192e-12; 22574.5; -77.0607
1.72355e-12; 22574.5; -571.871
1.63949e-12; 22574.5; -279.437
1.55953e-12; 22574.5; -116.96
1.48346e-12; 22574.5; 0
1.41111e-12; 22574.5; -414.452
1.34229e-12; 22574.5; -25.6143
1.27682e-12; 22574.5; -215.352
1.21454e-12; 22574.5; -1373.88
1.15531e-12; 22574.5; -239.726
1.09896e-12; 22574.5; -155.066
1.04536e-12; 22574.5; -93.782
9.94375e-13; 22574.5; -1498.04
9.45876e-13; 22574.5; -820.821
8.99743e-13; 22574.5; -2623.99
8.5586e-13; 22574.5; -98.1618
8.14117e-13; 22574.5; -593.625
7.7441e-13; 22574.5; -96.465
7.3664e-13; 22574.5; -2523.4
7.00712e-13; 22574.5; -1039
6.66536e-13; 22574.5; -3249.23
6.34027e-13; 22574.5; -122.623
6.03104e-13; 22574.5; -1084.87
5.73689e-13; 22574.5; -70.4101
5.45708e-13; 22574.5; -190.049
5.19092e-13; 22574.5; -148.632
4.93775e-13; 22574.5; -791.594
4.69692e-13; 22574.5; -112.058
4.46784e-13; 22574.5; -73.4151
4.24993e-13; 22574.5; -136.189
4.04264e-13; 22574.5; -41.1023
3.84547e-13; 22574.5; -1577.2
3.65792e-13; 22574.5; -72.9997
3.47951e-13; 22574.5; -321.141
3.3098e-13; 22574.5; -56.8534
3.14838e-13; 22574.5; -158.043
2.99482e-13; 22574.5; -453.742
2.84875e-13; 22574.5; -1018.81
2.70981e-13; 22574.5; -4055.01
2.57765e-13; 22574.5; -5877.06
2.45193e-13; 22574.5; -90.0301
2.33234e-13; 22574.5; -43.3586
2.21858e-13; 22574.5; -36.3974
2.11038e-13; 22574.5; -58.3999
2.00745e-13; 22574.5; -553.174
1.90954e-13; 22574.5; -6.39403
1.8164e-13; 22574.5; -1315.37
1.72781e-13; 22574.5; -5877.06
1.64354e-13; 22574.5; -24.5196
1.56338e-13; 22574.5; -39.0186
1.48713e-13; 22574.5; -3230.87
1.4146e-13; 22574.5; -448.808
1.34561e-13; 22574.5; -459.583
1.27998e-13; 22574.5; -180.704
1.21755e-13; 22574.5; -121.947
1.15816e-13; 22574.5; -4876.03
1.10168e-13; 22574.5; -35.1286
1.04795e-13; 22574.5; -187.291
9.96834e-14; 22574.5; -70.2302
9.48216e-14; 22574.5; -2435.49
9.01968e-14; 22574.5; -222.288
8.57977e-14; 22574.5; -66.2055
8.16131e-14; 22574.5; -494.86
7.76326e-14; 22574.5; -182.292
7.38462e-14; 22574.5; -93.169
7.02445e-14; 22574.5; -182.292
6.68185e-14; 22574.5; -2552.75
6.35595e-14; 22574.5; -233.082
6.04595e-14; 22574.5; -77.2547
5.75107e-14; 22574.5; -907.612
5.47058e-14; 22574.5; -341.038
5.20376e-14; 22574.5; -1218.6
4.94996e-14; 22574.5; -4343.87
4.70853e-14; 22574.5; -36.9251
4.47889e-14; 22574.5; -1375.41
4.26044e-14; 22574.5; -535.079
4.05264e-14; 22574.5; -130.678
3.85498e-14; 22574.5; -161.986
3.66696e-14; 22574.5; -135.703
3.48812e-14; 22574.5; -194.816
3.31799e-14; 22574.5; -50.7119
3.15616e-14; 22574.5; -73.4151
3.00223e-14; 22574.5; -149.874
2.8558e-14; 22574.5; -2539.01
2.71651e-14; 22574.5; -969.342
2.58402e-14; 22574.5; -904.791
2.45799e-14; 22574.5; -397.701
2.33811e-14; 22574.5; -46.5721
2.22407e-14; 22574.5; -25.2571
2.1156e-14; 22574.5; -5126.89
2.01241e-14; 22574.5; -401.471
1.91426e-14; 22574.5; -63.3798
1.8209e-14; 22574.5; -86.6807
1.73209e-14; 22574.5; -2423.35
1.64761e-14; 22574.5; -425.601
1.56725e-14; 22574.5; -564.036
1.49081e-14; 22574.5; -102.34
1.4181e-14; 22574.5; -52.7058
1.34893e-14; 22574.5; -1157.34
1.28314e-14; 22574.5; -1332.12
1.22056e-14; 22574.5; -571.467
1.16103e-14; 22574.5; -77.2547
1.1044e-14; 22574.5; -75.7113
1.05054e-14; 22574.5; -115.431
9.99299e-15; 22574.5; -111.452
9.50561e-15; 22574.5; -87.5743
9.04199e-15; 22574.5; -2242.32
8.60099e-15; 22574.5; -4586.22
8.18149e-15; 22574.5; -31.1344
7.78245e-15; 22574.5; -1400.12
7.40288e-15; 22574.5; -733.468
7.04182e-15; 22574.5; -48.9326
6.69837e-15; 22574.5; -93.2928
6.37167e-15; 22574.5; -14.9601
6.06091e-15; 22574.5; -937.323
5.7653e-15; 22574.5; -109.295
5.48411e-15; 22574.5; -3110.66
5.21663e-15; 22574.5; -82.8836
4.9622e-15; 22574.5; -35.0322
4.72018e-15; 22574.5; -134.92
4.48996e-15; 22574.5; -4765.91
4.27097e-15; 22574.5; -241.806
4.06267e-15; 22574.5; -480.296
3.86452e-15; 22574.5; -416.218
3.67603e-15; 22574.5; -4267.35
3.49674e-15; 22574.5; -61.8808
3.3262e-15; 22574.5; -2423.35
3.16397e-15; 22574.5; -17.353
3.00965e-15; 22574.5; -120.619
2.86286e-15; 22574.5; -17.4807
2.72323e-15; 22574.5; -351.511
2.59041e-15; 22574.5; -59.108
2.46407e-15; 22574.5; -408.075
2.34389e-15; 22574.5; -111.582
2.22957e-15; 22574.5; -646.855
2.12083e-15; 22574.5; -1502.37
2.01739e-15; 22574.5; -95.6693
1.919e-15; 22574.5; -62.2389
1.8254e-15; 22574.5; -158.538
1.73637e-15; 22574.5; -5732.28
1.65168e-15; 22574.5; -67.0195
1.57112e-15; 22574.5; -13.5048
1.4945e-15; 22574.5; -831.751
1.42161e-15; 22574.5; -333.37
1.35227e-15; 22574.5; -522.163
1.28632e-15; 22574.5; -126.923
1.22358e-15; 22574.5; -491.917
1.1639e-15; 22574.5; 0
1.10713e-15; 22574.5; -148.847
1.05314e-15; 22574.5; -167.794
1.00177e-15; 22574.5; -1967.02
9.52912e-16; 22574.5; -1051.04
9.06435e-16; 22574.5; -7067.5
8.62226e-16; 22574.5; -9.43894
8.20172e-16; 22574.5; -3448.45
7.8017e-16; 22574.5; -1818.72
7.42119e-16; 22574.5; -971.786
7.05924e-16; 22574.5; -120.75
6.71494e-16; 22574.5; -110.958
6.38743e-16; 22574.5; -118.659
6.0759e-16; 22574.5; -3577.89
5.77956e-16; 22574.5; -1039
5.49767e-16; 22574.5; -29.3063
5.22953e-16; 22574.5; -976.48
4.97447e-16; 22574.5; -1507.78
4.73185e-16; 22574.5; -1020.75
4.50107e-16; 22574.5; -8.90951
4.28154e-16; 22574.5; -303.327
4.07271e-16; 22574.5; -755.157
3.87407e-16; 22574.5; -42.1793
3.68512e-16; 22574.5; -185.558
3.50539e-16; 22574.5; -1062
3.33442e-16; 22574.5; -383.44
3.17179e-16; 22574.5; -138.28
3.01709e-16; 22574.5; -109.056
2.86994e-16; 22574.5; -64.6462
2.72997e-16; 22574.5; -134.92
2.59682e-16; 22574.5; -781.238
2.47016e-16; 22574.5; -84.1218
2.34969e-16; 22574.5; -509.776
2.23509e-16; 22574.5; -169.477
2.12607e-16; 22574.5; -137.933
2.02238e-16; 22574.5; -683.897
1.92374e-16; 22574.5; -433.383
1.82991e-16; 22574.5; -1909.67
1.74066e-16; 22574.5; -717.318
1.65577e-16; 22574.5; -28.3545
1.57501e-16; 22574.5; -2623
1.49819e-16; 22574.5; -74.6587
1.42512e-16; 22574.5; -572.782
1.35561e-16; 22574.5; -51.6907
1.2895e-16; 22574.5; -35.3423
1.2266e-16; 22574.5; -4017.13
1.16678e-16; 22574.5; -985.741
1.10987e-16; 22574.5; -976.48
1.05574e-16; 22574.5; -34.6527
1.00425e-16; 22574.5; -52.6116
9.55268e-17; 22574.5; -197.579
9.08677e-17; 22574.5; -473.641
8.64358e-17; 22574.5; -2211.8
8.22201e-17; 22574.5; -178.108
7.821e-17; 22574.5; -143.308
7.43954e-17; 22574.5; -268.905
7.07669e-17; 22574.5; -3749.55
6.73154e-17; 22574.5; -132.694
6.40323e-17; 22574.5; -507.803
6.09092e-17; 22574.5; -204.501
5.79385e-17; 22574.5; -928.423
5.51127e-17; 22574.5; -35.0776
5.24247e-17; 22574.5; -151.127
4.98678e-17; 22574.5; -535.079
4.74356e-17; 22574.5; -420.054
4.5122e-17; 22574.5; -2943.06
4.29213e-17; 22574.5; -19.8362
4.08279e-17; 22574.5; -262.164
3.88366e-17; 22574.5; -66.5015
3.69424e-17; 22574.5; -44.1532
3.51406e-17; 22574.5; -5576.51
3.34267e-17; 22574.5; -505.695
3.17964e-17; 22574.5; -1613.46
3.02456e-17; 22574.5; -183.996
2.87704e-17; 22574.5; -407.357
2.73672e-17; 22574.5; -192.912
2.60324e-17; 22574.5; -115.473
2.47627e-17; 22574.5; -899.45
2.3555e-17; 22574.5; -266.057
2.24061e-17; 22574.5; -72.9997
2.13133e-17; 22574.5; -3660.29
2.02738e-17; 22574.5; -14.9601
1.9285e-17; 22574.5; -31.6715
1.83444e-17; 22574.5; -53.7963
1.74497e-17; 22574.5; -694.369
1.65986e-17; 22574.5; -5574.01
1.57891e-17; 22574.5; -27.6799
1.5019e-17; 22574.5; -447.973
1.42865e-17; 22574.5; -305.592
1.35897e-17; 22574.5; -788.665
1.29269e-17; 22574.5; -170.115
1.22964e-17; 22574.5; -739.926
1.16966e-17; 22574.5; -115.473
1.11262e-17; 22574.5; -35.3076
1.05835e-17; 22574.5; -163.761
1.00673e-17; 22574.5; -3959.7
9.57631e-18; 22574.5; -5598.57
9.10924e-18; 22574.5; 0
8.66496e-18; 22574.5; -2776.51
8.24234e-18; 22574.5; -70.5845
7.84034e-18; 22574.5; -70.4177
7.45794e-18; 22574.5; -72.9957
7.0942e-18; 22574.5; -148.887
6.74819e-18; 22574.5; -412.923
6.41906e-18; 22574.5; -1051.04
6.10599e-18; 22574.5; -249.287
5.80818e-18; 22574.5; -679.937
5.5249e-18; 22574.5; -70.4101
5.25543e-18; 22574.5; -125.544
4.99911e-18; 22574.5; -48.458
4.75529e-18; 22574.5; -3153.58
4.52336e-18; 22574.5; -408.075
4.30274e-18; 22574.5; -558.852
4.09288e-18; 22574.5; -1912.4
3.89326e-18; 22574.5; -64.3703
3.70337e-18; 22574.5; -42.9797
3.52275e-18; 22574.5; -43.0722
3.35094e-18; 22574.5; -6106.07
3.1875e-18; 22574.5; -3718.98
3.03204e-18; 22574.5; -1338.69
2.88416e-18; 22574.5; -1104.18
2.74349e-18; 22574.5; -2789.75
2.60968e-18; 22574.5; -254.875
2.4824e-18; 22574.5; -1332.12
2.36132e-18; 22574.5; -56.9169
2.24615e-18; 22574.5; -104.765
2.1366e-18; 22574.5; -1069.77
2.03239e-18; 22574.5; -439.212
1.93327e-18; 22574.5; -116.96
1.83898e-18; 22574.5; -87.3321
1.74928e-18; 22574.5; -328.587
1.66397e-18; 22574.5; -2268.13
1.58281e-18; 22574.5; -505.138
1.50561e-18; 22574.5; -590.266
1.43218e-18; 22574.5; -568.445
1.36233e-18; 22574.5; 0
1.29588e-18; 22574.5; -65.309
1.23268e-18; 22574.5; -1067.39
1.17256e-18; 22574.5; -55.4867
1.11537e-18; 22574.5; -1263.08
1.06097e-18; 22574.5; -43.9066
1.00922e-18; 22574.5; -33.4629
9.59999e-19; 22574.5; -608.57
9.13177e-19; 22574.5; -2249.11
8.68639e-19; 22574.5; -48.5411
8.26273e-19; 22574.5; -2435.49
7.85973e-19; 22574.5; -30.2307
7.47639e-19; 22574.5; -2539.21
7.11174e-19; 22574.5; -3934.66
6.76488e-19; 22574.5; -48.4128
6.43494e-19; 22574.5; -124.221
6.12109e-19; 22574.5; -260.945
5.82254e-19; 22574.5; -652.743
5.53856e-19; 22574.5; -20.4266
5.26843e-19; 22574.5; -67.1415
5.01147e-19; 22574.5; -761.495
4.76705e-19; 22574.5; -343.537
4.53454e-19; 22574.5; -1417.87
4.31338e-19; 22574.5; -604.425
4.10301e-19; 22574.5; -519.777
3.90289e-19; 22574.5; -184.377
3.71253e-19; 22574.5; 0
3.53146e-19; 22574.5; -4842.89
3.35922e-19; 22574.5; -37.251
3.19538e-19; 22574.5; -589.038
3.03954e-19; 22574.5; -2666.47
2.89129e-19; 22574.5; -108.136
2.75027e-19; 22574.5; -18.9173
2.61613e-19; 22574.5; -146.061
2.48854e-19; 22574.5; -221.376
2.36716e-19; 22574.5; -34.8354
2.25171e-19; 22574.5; -292.212
2.14189e-19; 22574.5; -418.962
2.03742e-19; 22574.5; -646.855
1.93805e-19; 22574.5; -1737.46
1.84353e-19; 22574.5; -94.6508
1.75361e-19; 22574.5; -3151.53
1.66808e-19; 22574.5; 0
1.58672e-19; 22574.5; -63.4375
1.50934e-19; 22574.5; -43.8156
1.43572e-19; 22574.5; -896.964
1.3657e-19; 22574.5; -4819.84
1.29909e-19; 22574.5; -17.2018
1.23573e-19; 22574.5; -192.912
1.17546e-19; 22574.5; -24.7785
1.11813e-19; 22574.5; -74.8932
1.06359e-19; 22574.5; -445.505
1.01172e-19; 22574.5; -177.304
9.62373e-20; 22574.5; -888.204
9.15435e-20; 22574.5; -82.8836
8.70787e-20; 22574.5; -458.014
8.28316e-20; 22574.5; -40.3191
7.87917e-20; 22574.5; -308.174
7.49488e-20; 22574.5; -548.962
7.12933e-20; 22574.5; -163.726
6.78161e-20; 22574.5; -888.894
6.45085e-20; 22574.5; -111.881
6.13622e-20; 22574.5; -3743.63
5.83694e-20; 22574.5; -38.4556
5.55226e-20; 22574.5; -1554.42
5.28146e-20; 22574.5; -15.7201
5.02387e-20; 22574.5; -807.35
4.77884e-20; 22574.5; -87.0631
4.54576e-20; 22574.5; -171.238
4.32405e-20; 22574.5; -98.5909
4.11315e-20; 22574.5; -117.728
3.91254e-20; 22574.5; -553.973
3.72172e-20; 22574.5; -308.83
3.5402e-20; 22574.5; -434.123
3.36753e-20; 22574.5; -4944.87
3.20329e-20; 22574.5; -267.088
3.04705e-20; 22574.5; -134.92
2.89844e-20; 22574.5; -3082.18
2.75707e-20; 22574.5; -3157.83
2.6226e-20; 22574.5; -63.0193
2.49469e-20; 22574.5; -6411.91
2.37302e-20; 22574.5; -780.704
2.25728e-20; 22574.5; -215.99
2.14718e-20; 22574.5; -147.843
2.04246e-20; 22574.5; -23.6368
1.94284e-20; 22574.5; -512.926
1.84808e-20; 22574.5; -12.9101
1.75795e-20; 22574.5; -21.1818
1.67221e-20; 22574.5; -1090.66
1.59065e-20; 22574.5; -964.609
1.51307e-20; 22574.5; -193.943
1.43927e-20; 22574.5; -537.69
1.36907e-20; 22574.5; -397.701
1.3023e-20; 22574.5; -167.243
1.23878e-20; 22574.5; -546.666
1.17836e-20; 22574.5; -62.7043
1.12089e-20; 22574.5; -27.6799
1.06622e-20; 22574.5; -70.1679
1.01422e-20; 22574.5; -635.379
9.64753e-21; 22574.5; -137.319
9.17699e-21; 22574.5; -611.033
8.72941e-21; 22574.5; 0
8.30365e-21; 22574.5; -5485.12
7.89865e-21; 22574.5; -103.988
7.51341e-21; 22574.5; -241.897
7.14696e-21; 22574.5; -526.206
6.79838e-21; 22574.5; -46.716
6.46681e-21; 22574.5; -100.55
6.1514e-21; 22574.5; 0
5.85138e-21; 22574.5; -952.157
5.56599e-21; 22574.5; -1464.81
5.29452e-21; 22574.5; -98.1572
5.03629e-21; 22574.5; -2635.42
4.79066e-21; 22574.5; -547.854
4.557e-21; 22574.5; -798.936
4.33474e-21; 22574.5; -1468.44
4.12332e-21; 22574.5; -139.134
3.92222e-21; 22574.5; -5025.33
3.73092e-21; 22574.5; -578.811
3.54895e-21; 22574.5; -3025.75
3.37586e-21; 22574.5; -332.979
3.21121e-21; 22574.5; -104.795
3.05459e-21; 22574.5; -59.0937
2.90561e-21; 22574.5; -444.165
2.76389e-21; 22574.5; -169.078
2.62909e-21; 22574.5; -292.212
2.50086e-21; 22574.5; -347.551
2.37889e-21; 22574.5; -32.1298
2.26286e-21; 22574.5; -450.133
2.15249e-21; 22574.5; -172.671
2.04751e-21; 22574.5; -159.001
1.94765e-21; 22574.5; -119.698
1.85266e-21; 22574.5; -69.358
1.7623e-21; 22574.5; 0
1.67634e-21; 22574.5; -520.364
1.59458e-21; 22574.5; -196.523
1.51681e-21; 22574.5; -4005.7
1.44283e-21; 22574.5; -5151.9
1.37246e-21; 22574.5; -61.0797
1.30552e-21; 22574.5; -14.9601
1.24185e-21; 22574.5; -15.8235
1.18128e-21; 22574.5; -1138.95
1.12366e-21; 22574.5; -27.2254
1.06886e-21; 22574.5; -493.538
1.01673e-21; 22574.5; -72.5998
9.67139e-22; 22574.5; -91.5453
9.19969e-22; 22574.5; -159.994
8.75099e-22; 22574.5; -242.439
8.32418e-22; 22574.5; -1688.39
7.91819e-22; 22574.5; -2066.87
7.53199e-22; 22574.5; -10.1628
7.16464e-22; 22574.5; -44.1339
6.8152e-22; 22574.5; -599.631
6.4828e-22; 22574.5; -86.6525
6.16661e-22; 22574.5; -660.809
5.86585e-22; 22574.5; -35.8599
5.57976e-22; 22574.5; 0
5.30761e-22; 22574.5; -882.969
5.04875e-22; 22574.5; -62.0844
4.8025e-22; 22574.5; -654.398
4.56827e-22; 22574.5; -122.623
4.34546e-22; 22574.5; -50.2556
4.13352e-22; 22574.5; -102.949
3.93192e-22; 22574.5; -66.1578
3.74015e-22; 22574.5; -52.7058
3.55773e-22; 22574.5; -366.453
3.38421e-22; 22574.5; -2537.87
3.21915e-22; 22574.5; -1353.92
3.06214e-22; 22574.5; -2235.43
2.91279e-22; 22574.5; -907.612
2.77073e-22; 22574.5; -52.8046
2.63559e-22; 22574.5; -127.287
2.50705e-22; 22574.5; -90.0425
2.38477e-22; 22574.5; -219.321
2.26846e-22; 22574.5; -105.869
2.15782e-22; 22574.5; -164.482
2.05257e-22; 22574.5; -84.2126
1.95246e-22; 22574.5; -119.875
1.85724e-22; 22574.5; -85.8235
1.76665e-22; 22574.5; -26.55
1.68049e-22; 22574.5; -4965.83
1.59853e-22; 22574.5; -1425.38
1.52056e-22; 22574.5; -4614.25
1.4464e-22; 22574.5; -167.243
1.37585e-22; 22574.5; -1613.46
1.30875e-22; 22574.5; -108.361
1.24492e-22; 22574.5; -42.9797
1.1842e-22; 22574.5; -27.8746
1.12644e-22; 22574.5; -523.63
1.0715e-22; 22574.5; -13.7124
1.01924e-22; 22574.5; -1661.66
9.69531e-23; 22574.5; -2888.63
9.22244e-23; 22574.5; -87.8901
8.77264e-23; 22574.5; 0
8.34477e-23; 22574.5; -76.2029
7.93777e-23; 22574.5; 0
7.55062e-23; 22574.5; -339.076
7.18236e-23; 22574.5; -23.5774
6.83205e-23; 22574.5; -350.938
6.49883e-23; 22574.5; -181.311
6.18186e-23; 22574.5; -129.72
5.88036e-23; 22574.5; -5126.89
5.59355e-23; 22574.5; -231.323
5.32074e-23; 22574.5; -1004.52
5.06123e-23; 22574.5; -1579.16
4.81438e-23; 22574.5; -383.09
4.57957e-23; 22574.5; -197.579
4.35621e-23; 22574.5; -116.597
4.14375e-23; 22574.5; -68.2387
3.94164e-23; 22574.5; -991.945
3.7494e-23; 22574.5; -25.8111
3.56653e-23; 22574.5; -7.68425
3.39258e-23; 22574.5; -4819.84
3.22711e-23; 22574.5; -222.856
3.06972e-23; 22574.5; -92.7148
2.92e-23; 22574.5; -119.875
2.77758e-23; 22574.5; -15.8235
2.64211e-23; 22574.5; -20.7548
2.51325e-23; 22574.5; -76.0708
2.39067e-23; 22574.5; -5407.5
2.27407e-23; 22574.5; -72.9997
2.16315e-23; 22574.5; -138.28
2.05765e-23; 22574.5; -22.5295
1.95729e-23; 22574.5; -301.995
1.86183e-23; 22574.5; -782.062
1.77102e-23; 22574.5; -2854.59
1.68465e-23; 22574.5; -1980.34
1.60248e-23; 22574.5; -9.99431
1.52432e-23; 22574.5; -2943.06
1.44998e-23; 22574.5; -80.6002
1.37926e-23; 22574.5; -89.2545
1.31199e-23; 22574.5; -3087.84
1.248e-23; 22574.5; -733.468
1.18713e-23; 22574.5; -177.451
1.12923e-23; 22574.5; -91.1633
1.07415e-23; 22574.5; -507.803
1.02176e-23; 22574.5; -2034.29
9.71929e-24; 22574.5; -9.57062
9.24525e-24; 22574.5; -87.3321
8.79433e-24; 22574.5; 0
8.36541e-24; 22574.5; -58.8874
7.9574e-24; 22574.5; -116.597
7.5693e-24; 22574.5; -1315.37
7.20012e-24; 22574.5; -68.2387
6.84895e-24; 22574.5; -310.586
6.5149e-24; 22574.5; -71.2683
6.19715e-24; 22574.5; -19.3123
5.8949e-24; 22574.5; -136.189
5.60739e-24; 22574.5; -476.796
5.3339e-24; 22574.5; -5110.15
5.07375e-24; 22574.5; -2827.19
4.82629e-24; 22574.5; -8.84399
4.5909e-24; 22574.5; -589.561
4.36698e-24; 22574.5; -1572.07
4.15399e-24; 22574.5; -63.3092
3.95139e-24; 22574.5; -5303.82
3.75867e-24; 22574.5; -363.957
3.57535e-24; 22574.5; -976.48
3.40097e-24; 22574.5; -400.528
3.23509e-24; 22574.5; -206.331
3.07731e-24; 22574.5; -798.936
2.92722e-24; 22574.5; -917.541
2.78445e-24; 22574.5; -627.315
2.64864e-24; 22574.5; -61.3888
2.51946e-24; 22574.5; -24.0587
2.39658e-24; 22574.5; -71.928
2.27969e-24; 22574.5; -132.694
2.1685e-24; 22574.5; -523.63
2.06274e-24; 22574.5; -10.1628
1.96213e-24; 22574.5; -3115.63
1.86643e-24; 22574.5; -886.978
1.7754e-24; 22574.5; -518.078
1.68881e-24; 22574.5; -3665.97
1.60644e-24; 22574.5; -472.464
1.52809e-24; 22574.5; -1572.07
1.45356e-24; 22574.5; -4615.85
1.38267e-24; 22574.5; -1072.7
1.31523e-24; 22574.5; -62.2039
1.25108e-24; 22574.5; -647.33
1.19006e-24; 22574.5; -25.0461
1.13202e-24; 22574.5; -1332.12
1.07681e-24; 22574.5; -158.538
1.02429e-24; 22574.5; -2437.22
9.74333e-25; 22574.5; -53.4943
9.26812e-25; 22574.5; -50.7119
8.81608e-25; 22574.5; -3018.49
8.3861e-25; 22574.5; -6.86115
7.97708e-25; 22574.5; -72.5998
7.58802e-25; 22574.5; -31.9353
7.21793e-25; 22574.5; -423.728
6.86589e-25; 22574.5; -2979.59
6.53102e-25; 22574.5; -422.446
6.21248e-25; 22574.5; -110.024
5.90948e-25; 22574.5; -375.077
5.62126e-25; 22574.5; -33.5956
5.34709e-25; 22574.5; -25.1551
5.0863e-25; 22574.5; -172.671
4.83822e-25; 22574.5; -1085.37
4.60225e-25; 22574.5; -94.6087
4.37778e-25; 22574.5; -103.001
4.16427e-25; 22574.5; -4424.24
3.96116e-25; 22574.5; -23.5774
3.76797e-25; 22574.5; -452.57
3.58419e-25; 22574.5; -147.456
3.40938e-25; 22574.5; -1936.55
3.24309e-25; 22574.5; -368.314
3.08492e-25; 22574.5; -3956.02
2.93446e-25; 22574.5; -687.299
2.79134e-25; 22574.5; -5403.11
2.65519e-25; 22574.5; -112.058
2.52569e-25; 22574.5; -60.0161
2.40251e-25; 22574.5; -312.233
2.28533e-25; 22574.5; -1222.95
2.17387e-25; 22574.5; -135.221
2.06784e-25; 22574.5; -1375.41
1.96699e-25; 22574.5; -321.141
1.87105e-25; 22574.5; -107.159
1.77979e-25; 22574.5; -579.984
1.69299e-25; 22574.5; -232.15
1.61042e-25; 22574.5; -27.0187
1.53187e-25; 22574.5; -184.143
1.45716e-25; 22574.5; -108.136
1.38609e-25; 22574.5; -3507.74
1.31848e-25; 22574.5; -334.026
1.25418e-25; 22574.5; -363.957
1.19301e-25; 22574.5; -1067.39
1.13482e-25; 22574.5; -2317.24
1.07947e-25; 22574.5; -2687.6
1.02682e-25; 22574.5; -21.1917
9.76742e-26; 22574.5; -612.189
9.29104e-26; 22574.5; 0
8.83789e-26; 22574.5; -119.018
8.40684e-26; 22574.5; -734.744
7.99681e-26; 22574.5; -3018.49
7.60678e-26; 22574.5; -18.8369
7.23578e-26; 22574.5; -2058.9
6.88287e-26; 22574.5; -44.2237
6.54717e-26; 22574.5; -75.0925
6.22784e-26; 22574.5; -764.196
5.92409e-26; 22574.5; -1864.62
5.63516e-26; 22574.5; -45.5171
5.36031e-26; 22574.5; -271.499
5.09888e-26; 22574.5; -25.2571
4.85019e-26; 22574.5; -1081.74
4.61363e-26; 22574.5; -126.206
4.38861e-26; 22574.5; -109.056
4.17457e-26; 22574.5; -4375.93
3.97096e-26; 22574.5; -128.353
3.77728e-26; 22574.5; -96.6566
3.59305e-26; 22574.5; -1069.77
3.41781e-26; 22574.5; -10.165
3.25111e-26; 22574.5; -72.4741
3.09255e-26; 22574.5; -119.232
2.94171e-26; 22574.5; -501.28
2.79824e-26; 22574.5; -520.041
2.66176e-26; 22574.5; -1552.7
2.53194e-26; 22574.5; -190.049
2.40845e-26; 22574.5; -703.736
2.29098e-26; 22574.5; -3458.39
2.17924e-26; 22574.5; -71.5645
2.07296e-26; 22574.5; -16.444
1.97185e-26; 22574.5; -553.174
1.87568e-26; 22574.5; -26.502
1.7842e-26; 22574.5; -1629.26
1.69718e-26; 22574.5; -5235.57
1.6144e-26; 22574.5; -440.313
1.53566e-26; 22574.5; -28.3545
1.46076e-26; 22574.5; -93.169
1.38952e-26; 22574.5; -31.0953
1.32174e-26; 22574.5; -1498.04
1.25728e-26; 22574.5; -2875.33
1.19596e-26; 22574.5; -1396.56
1.13763e-26; 22574.5; -3249.23
1.08214e-26; 22574.5; -3676.67
1.02936e-26; 22574.5; -2935.94
9.79158e-27; 22574.5; -94.9283
9.31402e-27; 22574.5; -583.014
8.85974e-27; 22574.5; -3458.39
8.42763e-27; 22574.5; -186.869
8.01659e-27; 22574.5; -548.962
7.62559e-27; 22574.5; -39.2726
7.25367e-27; 22574.5; -476.796
6.89989e-27; 22574.5; -6342.2
6.56336e-27; 22574.5; -103.573
6.24325e-27; 22574.5; -1690.1
5.93874e-27; 22574.5; -406.239
5.64909e-27; 22574.5; -1085.37
5.37357e-27; 22574.5; -242.759
5.11149e-27; 22574.5; -419.106
4.86218e-27; 22574.5; -2827.73
4.62504e-27; 22574.5; -4031.97
4.39946e-27; 22574.5; -58.1466
4.18489e-27; 22574.5; -3448.26
3.98078e-27; 22574.5; -130.24
3.78663e-27; 22574.5; -2039.32
3.60194e-27; 22574.5; -522.163
3.42626e-27; 22574.5; -3149.81
3.25915e-27; 22574.5; -1737.46
3.1002e-27; 22574.5; -177.412
2.94899e-27; 22574.5; -187.291
2.80516e-27; 22574.5; -180.704
2.66834e-27; 22574.5; -114.105
2.5382e-27; 22574.5; -2058.9
2.4144e-27; 22574.5; -1789.02
2.29665e-27; 22574.5; -232.15
2.18463e-27; 22574.5; -2520.97
2.07808e-27; 22574.5; -7931.56
1.97673e-27; 22574.5; -419.516
1.88032e-27; 22574.5; -260.945
1.78861e-27; 22574.5; -5373.94
1.70137e-27; 22574.5; -1.97729
1.61839e-27; 22574.5; -31.3269
1.53946e-27; 22574.5; -635.379
1.46437e-27; 22574.5; -2987.2
1.39295e-27; 22574.5; -2672.58
1.32501e-27; 22574.5; -43.2424
1.26039e-27; 22574.5; -2125.97
1.19892e-27; 22574.5; -360.991
1.14044e-27; 22574.5; -19.3128
1.08482e-27; 22574.5; -907.957
1.03191e-27; 22574.5; -45.04
9.8158e-28; 22574.5; -108.413
9.33705e-28; 22574.5; -2717.69
8.88165e-28; 22574.5; -41.0984
8.44847e-28; 22574.5; -1833.72
8.03641e-28; 22574.5; -80.0037
7.64445e-28; 22574.5; -951.964
7.27161e-28; 22574.5; -267.138
6.91695e-28; 22574.5; -163.761
6.57959e-28; 22574.5; -105.974
6.25869e-28; 22574.5; -22.2134
5.95343e-28; 22574.5; -110.428
5.66307e-28; 22574.5; -599.373
5.38686e-28; 22574.5; -77.933
5.12413e-28; 22574.5; -2142.04
4.87421e-28; 22574.5; -120.75
4.63648e-28; 22574.5; -600.821
4.41034e-28; 22574.5; -53.9136
4.19524e-28; 22574.5; -29.6746
3.99063e-28; 22574.5; -1389.62
3.79599e-28; 22574.5; -58.9764
3.61085e-28; 22574.5; -7116.55
3.43474e-28; 22574.5; 0
3.26721e-28; 22574.5; -13.3876
3.10786e-28; 22574.5; -14.1446
2.95628e-28; 22574.5; -25.2571
2.8121e-28; 22574.5; -12.9101
2.67494e-28; 22574.5; -84.1218
2.54448e-28; 22574.5; -790.316
2.42038e-28; 22574.5; -157.842
2.30233e-28; 22574.5; -80.636
2.19004e-28; 22574.5; -106.421
2.08322e-28; 22574.5; -3414.15
1.98162e-28; 22574.5; 0
1.88497e-28; 22574.5; -20.483
1.79303e-28; 22574.5; -109.056
1.70558e-28; 22574.5; -1223.77
1.62239e-28; 22574.5; -17.58
1.54327e-28; 22574.5; -2622.13
1.468e-28; 22574.5; -3230.87
1.3964e-28; 22574.5; -1692.02
1.32829e-28; 22574.5; -708.996
1.26351e-28; 22574.5; -277.972
1.20188e-28; 22574.5; -1144.35
1.14326e-28; 22574.5; -14.8711
1.0875e-28; 22574.5; -1162.8
1.03446e-28; 22574.5; -37.6534
9.84007e-29; 22574.5; -471.56
9.36014e-29; 22574.5; -2083.55
8.90362e-29; 22574.5; -3153.58
8.46936e-29; 22574.5; -407.776
8.05629e-29; 22574.5; -74.8543
7.66336e-29; 22574.5; -359.338
7.28959e-29; 22574.5; -2443.46
6.93406e-29; 22574.5; -177.933
6.59587e-29; 22574.5; -539.032
6.27417e-29; 22574.5; -31.9353
5.96816e-29; 22574.5; -2053.76
5.67707e-29; 22574.5; -244.813
5.40018e-29; 22574.5; 0
5.1368e-29; 22574.5; -568.505
4.88626e-29; 22574.5; -207.584
4.64795e-29; 22574.5; -1056.29
4.42125e-29; 22574.5; -112.972
4.20561e-29; 22574.5; -518.078
4.00049e-29; 22574.5; -235.939
3.80538e-29; 22574.5; -61.8808
3.61978e-29; 22574.5; 0
3.44323e-29; 22574.5; -41.7421
3.2753e-29; 22574.5; -38.2834
3.11555e-29; 22574.5; -254.775
2.96359e-29; 22574.5; -2827.19
2.81905e-29; 22574.5; -1299.29
2.68156e-29; 22574.5; -63.0193
2.55077e-29; 22574.5; -126.858
2.42636e-29; 22574.5; -76.8088
2.30802e-29; 22574.5; -61.0563
2.19545e-29; 22574.5; -169.477
2.08837e-29; 22574.5; -303.926
1.98652e-29; 22574.5; -41.773
1.88963e-29; 22574.5; -17.9964
1.79747e-29; 22574.5; -21.7169
1.7098e-29; 22574.5; -119.04
1.62641e-29; 22574.5; -978.844
1.54708e-29; 22574.5; -93.4896
1.47163e-29; 22574.5; -59.0182
1.39985e-29; 22574.5; -151.127
1.33158e-29; 22574.5; -70.9175
1.26663e-29; 22574.5; -6699.97
1.20485e-29; 22574.5; -1122.54
1.14609e-29; 22574.5; -519.63
1.09019e-29; 22574.5; -108.361
1.03702e-29; 22574.5; -79.3399
9.86441e-30; 22574.5; -5025.33
9.38329e-30; 22574.5; -11.0528
8.92564e-30; 22574.5; -2819.04
8.49031e-30; 22574.5; -579.984
8.07621e-30; 22574.5; -148.557
7.68231e-30; 22574.5; -2887.24
7.30762e-30; 22574.5; -2166.1
6.95121e-30; 22574.5; -416.218
6.61218e-30; 22574.5; -5505.41
6.28968e-30; 22574.5; -2027.51
5.98292e-30; 22574.5; -104.795
5.69111e-30; 22574.5; -3371.52
5.41354e-30; 22574.5; -82.6926
5.1495e-30; 22574.5; -139.376
4.89835e-30; 22574.5; -923.484
4.65944e-30; 22574.5; -62.7686
4.43219e-30; 22574.5; -193.469
4.21602e-30; 22574.5; -4614.25
4.01039e-30; 22574.5; -20.0841
3.81479e-30; 22574.5; -126.647
3.62873e-30; 22574.5; -77.905
3.45175e-30; 22574.5; -168.355
3.2834e-30; 22574.5; -608.57
3.12325e-30; 22574.5; -54.5901
2.97092e-30; 22574.5; -26.1227
2.82602e-30; 22574.5; -7594.11
2.68819e-30; 22574.5; -444.165
2.55708e-30; 22574.5; -3448.26
2.43236e-30; 22574.5; -5157.13
2.31373e-30; 22574.5; -570.492
2.20088e-30; 22574.5; -103.985
2.09354e-30; 22574.5; -134.421
1.99143e-30; 22574.5; -9.49711
1.8943e-30; 22574.5; -4252.23
1.80191e-30; 22574.5; -3888.04
1.71403e-30; 22574.5; -29.1646
1.63043e-30; 22574.5; -102.589
1.55091e-30; 22574.5; -159.36
1.47527e-30; 22574.5; -74.6587
1.40331e-30; 22574.5; -143.308
1.33487e-30; 22574.5; -262.821
1.26976e-30; 22574.5; -1238.87
1.20783e-30; 22574.5; 0
1.14892e-30; 22574.5; 0
1.09289e-30; 22574.5; -1949.88
1.03958e-30; 22574.5; -86.6807
9.8888e-31; 22574.5; -1399.05
9.4065e-31; 22574.5; -509.776
8.94771e-31; 22574.5; -190.049
8.51131e-31; 22574.5; -476.786
8.09619e-31; 22574.5; -119.875
7.70131e-31; 22574.5; -40.9163
7.3257e-31; 22574.5; -283.523
6.9684e-31; 22574.5; -2752.63
6.62853e-31; 22574.5; 0
6.30524e-31; 22574.5; -62.9119
5.99771e-31; 22574.5; -87.546
5.70519e-31; 22574.5; -118.464
5.42693e-31; 22574.5; -1145.12
5.16224e-31; 22574.5; -177.933
4.91046e-31; 22574.5; -184.143
4.67096e-31; 22574.5; -1219.62
4.44315e-31; 22574.5; -1423.6
4.22644e-31; 22574.5; -292.212
4.02031e-31; 22574.5; -507.462
3.82422e-31; 22574.5; -1718.03
3.63771e-31; 22574.5; -287.808
3.46028e-31; 22574.5; -152.573
3.29152e-31; 22574.5; 0
3.13098e-31; 22574.5; -196.223
2.97827e-31; 22574.5; -845.203
2.83301e-31; 22574.5; -173.497
2.69484e-31; 22574.5; -101.513
2.5634e-31; 22574.5; -38.7776
2.43838e-31; 22574.5; 0
2.31945e-31; 22574.5; -3018.49
2.20632e-31; 22574.5; -4031.97
2.09872e-31; 22574.5; -30.0261
1.99636e-31; 22574.5; -301.665
1.89899e-31; 22574.5; -96.8282
1.80637e-31; 22574.5; -491.917
1.71827e-31; 22574.5; -21.9845
1.63446e-31; 22574.5; -196.523
1.55474e-31; 22574.5; -274.482
1.47891e-31; 22574.5; -61.0568
1.40678e-31; 22574.5; -729.433
1.33817e-31; 22574.5; -67.4004
1.2729e-31; 22574.5; -110.276
1.21082e-31; 22574.5; -1774.12
1.15177e-31; 22574.5; -38.4556
1.09559e-31; 22574.5; -937.323
1.04215e-31; 22574.5; -254.279
9.91326e-32; 22574.5; -24.7785
9.42976e-32; 22574.5; -1629.26
8.96984e-32; 22574.5; -592.502
8.53236e-32; 22574.5; -2235.43
8.11621e-32; 22574.5; -16.3152
7.72036e-32; 22574.5; -54.1883
7.34381e-32; 22574.5; -1967.02
6.98563e-32; 22574.5; -625.754
6.64492e-32; 22574.5; -2688.29
6.32083e-32; 22574.5; -71.0003
6.01255e-32; 22574.5; -180.349
5.7193e-32; 22574.5; -57.6389
5.44035e-32; 22574.5; -84.4776
5.17501e-32; 22574.5; -40.0341
4.92261e-32; 22574.5; -24.0587
4.68252e-32; 22574.5; -2817.76
4.45414e-32; 22574.5; -1958.42
4.2369e-32; 22574.5; -197.579
4.03025e-32; 22574.5; -1737.25
3.83368e-32; 22574.5; 0
3.6467e-32; 22574.5; -268.89
3.46884e-32; 22574.5; -87.4017
3.29966e-32; 22574.5; -171.238
3.13872e-32; 22574.5; -1524.51
2.98564e-32; 22574.5; -333.91
2.84002e-32; 22574.5; -4404.43
2.7015e-32; 22574.5; -3823.46
2.56974e-32; 22574.5; -105.319
2.44441e-32; 22574.5; -147.447
2.32519e-32; 22574.5; -303.926
2.21178e-32; 22574.5; -133.432
2.10391e-32; 22574.5; -17.4807
2.00129e-32; 22574.5; -34.0244
1.90368e-32; 22574.5; -16.4085
1.81084e-32; 22574.5; -2656.27
1.72252e-32; 22574.5; -78.9574
1.6385e-32; 22574.5; -536.865
1.55859e-32; 22574.5; -516.36
1.48257e-32; 22574.5; -5581.78
1.41026e-32; 22574.5; -138.771
1.34148e-32; 22574.5; -187.955
1.27605e-32; 22574.5; -6297.2
1.21381e-32; 22574.5; -97.0291
1.15461e-32; 22574.5; -37.251
1.0983e-32; 22574.5; -545.88
1.04473e-32; 22574.5; -239.19
9.93778e-33; 22574.5; -34.437
9.45308e-33; 22574.5; -724.379
8.99203e-33; 22574.5; -92.8655
8.55346e-33; 22574.5; -6629.32
8.13628e-33; 22574.5; -599.373
7.73945e-33; 22574.5; -87.3321
7.36198e-33; 22574.5; -925.27
7.00291e-33; 22574.5; -2973.45
6.66136e-33; 22574.5; -262.569
6.33646e-33; 22574.5; -89.4701
6.02742e-33; 22574.5; -91.5453
5.73344e-33; 22574.5; -223.146
5.4538e-33; 22574.5; -976.48
5.18781e-33; 22574.5; -126.923
4.93478e-33; 22574.5; -54.3165
4.6941e-33; 22574.5; -111.452
4.46515e-33; 22574.5; -1946.9
4.24737e-33; 22574.5; -46.1032
4.04022e-33; 22574.5; -5051.81
3.84316e-33; 22574.5; -4311.19
3.65572e-33; 22574.5; -79.4586
3.47742e-33; 22574.5; -1469.3
3.30782e-33; 22574.5; -542.646
3.14648e-33; 22574.5; -307.947
2.99302e-33; 22574.5; -62.7043
2.84704e-33; 22574.5; -6932.35
2.70818e-33; 22574.5; -1712.05
2.5761e-33; 22574.5; -1840.77
2.45045e-33; 22574.5; -346.856
2.33094e-33; 22574.5; -512.926
2.21725e-33; 22574.5; -112.584
2.10911e-33; 22574.5; -1335.21
2.00624e-33; 22574.5; -42.5907
1.90839e-33; 22574.5; -181.995
1.81531e-33; 22574.5; -805.903
1.72678e-33; 22574.5; -72.9957
1.64256e-33; 22574.5; -139.134
1.56244e-33; 22574.5; -141.552
1.48624e-33; 22574.5; -1914.71
1.41375e-33; 22574.5; -778.122
1.3448e-33; 22574.5; -482.289
1.27921e-33; 22574.5; -3507.5
1.21682e-33; 22574.5; -926.911
1.15747e-33; 22574.5; 0
1.10102e-33; 22574.5; -702.367
1.04732e-33; 22574.5; 0
9.96235e-34; 22574.5; -17.7562
9.47646e-34; 22574.5; -150.984
9.01427e-34; 22574.5; -11.1555
8.57461e-34; 22574.5; -58.3601
8.1564e-34; 22574.5; -39.783
7.75859e-34; 22574.5; -2765.7
7.38018e-34; 22574.5; -1272.08
7.02023e-34; 22574.5; -8.18531
6.67783e-34; 22574.5; -4354.81
6.35213e-34; 22574.5; -11.8212
6.04232e-34; 22574.5; -156.335
5.74762e-34; 22574.5; -1737.25
5.46729e-34; 22574.5; -4987.98
5.20064e-34; 22574.5; -73.1999
4.94699e-34; 22574.5; -573.504
4.70571e-34; 22574.5; -71.0003
4.4762e-34; 22574.5; -489.389
4.25788e-34; 22574.5; -112.058
4.05021e-34; 22574.5; -2655.69
3.85267e-34; 22574.5; -608.735
3.66476e-34; 22574.5; -650.161
3.48602e-34; 22574.5; -626.782
3.316e-34; 22574.5; -298.157
3.15427e-34; 22574.5; 0
3.00042e-34; 22574.5; -2390.06
2.85408e-34; 22574.5; -12.2094
2.71488e-34; 22574.5; -95.9593
2.58247e-34; 22574.5; -26.1227
2.45651e-34; 22574.5; -112.574
2.3367e-34; 22574.5; 0
2.22273e-34; 22574.5; -604.425
2.11433e-34; 22574.5; -1091.97
2.0112e-34; 22574.5; -3718.98
1.91311e-34; 22574.5; -49.334
1.8198e-34; 22574.5; -64.0513
1.73105e-34; 22574.5; -907.957
1.64662e-34; 22574.5; -416.218
1.56631e-34; 22574.5; -66.1578
1.48991e-34; 22574.5; -13.7128
1.41725e-34; 22574.5; -97.1152
1.34812e-34; 22574.5; -1072.7
1.28237e-34; 22574.5; -147.456
1.21983e-34; 22574.5; -2621.48
1.16033e-34; 22574.5; -19.8365
1.10374e-34; 22574.5; -1176.98
1.04991e-34; 22574.5; -44.8531
9.98699e-35; 22574.5; -412.032
9.4999e-35; 22574.5; -9.80404
9.03656e-35; 22574.5; -976.908
8.59582e-35; 22574.5; -1559.65
8.17658e-35; 22574.5; -36.5676
7.77778e-35; 22574.5; -2935.94
7.39844e-35; 22574.5; -107.7
7.03759e-35; 22574.5; -95.6693
6.69435e-35; 22574.5; -64.9892
6.36784e-35; 22574.5; -115.431
6.05727e-35; 22574.5; -2765.7
5.76183e-35; 22574.5; -42.6215
5.48081e-35; 22574.5; -2321.79
5.2135e-35; 22574.5; -1003.66
4.95922e-35; 22574.5; -115.388
4.71734e-35; 22574.5; -163.822
4.48727e-35; 22574.5; -4970.21
4.26841e-35; 22574.5; -1204.73
4.06023e-35; 22574.5; -695.165
3.8622e-35; 22574.5; -26.1814
3.67383e-35; 22574.5; -195.178
3.49464e-35; 22574.5; -218.501
3.3242e-35; 22574.5; -205.334
3.16207e-35; 22574.5; -1145.81
3.00784e-35; 22574.5; -49.8116
2.86114e-35; 22574.5; -749.162
2.7216e-35; 22574.5; -179.381
2.58886e-35; 22574.5; -197.49
2.46259e-35; 22574.5; -832.767
2.34248e-35; 22574.5; -40.3781
2.22823e-35; 22574.5; -1401.53
2.11955e-35; 22574.5; -2934.53
2.01618e-35; 22574.5; -2139.6
1.91784e-35; 22574.5; -113.636
1.8243e-35; 22574.5; -297.232
1.73533e-35; 22574.5; -89.2545
1.65069e-35; 22574.5; -69.358
1.57018e-35; 22574.5; -6162.45
1.4936e-35; 22574.5; -1338.69
1.42075e-35; 22574.5; -51.6907
1.35146e-35; 22574.5; -1222.95
1.28554e-35; 22574.5; -5411.77
1.22284e-35; 22574.5; -360.991
1.1632e-35; 22574.5; -107.738
1.10647e-35; 22574.5; -1340.7
1.0525e-35; 22574.5; -80.4998
1.00117e-35; 22574.5; 0
9.52339e-36; 22574.5; -889.243
9.05891e-36; 22574.5; -426.404
8.61708e-36; 22574.5; -5911.98
8.1968e-36; 22574.5; -641.147
7.79702e-36; 22574.5; -1673.83
7.41673e-36; 22574.5; -111.452
7.055e-36; 22574.5; -186.869
6.7109e-36; 22574.5; -336.435
6.38359e-36; 22574.5; -1791.28
6.07225e-36; 22574.5; -1368.42
5.77608e-36; 22574.5; -5895.27
5.49437e-36; 22574.5; -111.385
5.22639e-36; 22574.5; -10.1628
4.97148e-36; 22574.5; -43.4
4.72901e-36; 22574.5; -91.5453
4.49836e-36; 22574.5; 0
4.27896e-36; 22574.5; -55.7153
4.07027e-36; 22574.5; -102.247
3.87175e-36; 22574.5; -369.344
3.68291e-36; 22574.5; -104.4
3.50328e-36; 22574.5; -2103.91
3.33242e-36; 22574.5; -103.819
3.16989e-36; 22574.5; -3676.85
3.01528e-36; 22574.5; -2687.6
2.86822e-36; 22574.5; -1089.11
2.72833e-36; 22574.5; -57.5365
2.59526e-36; 22574.5; -129.201
2.46868e-36; 22574.5; 0
2.34828e-36; 22574.5; -2819.04
2.23374e-36; 22574.5; -62.2039
2.1248e-36; 22574.5; -76.18
2.02116e-36; 22574.5; -59.8018
1.92259e-36; 22574.5; -11.0638
1.82882e-36; 22574.5; -95.7937
1.73962e-36; 22574.5; -3374.81
1.65477e-36; 22574.5; -1571.63
1.57406e-36; 22574.5; -176.813
1.49729e-36; 22574.5; -1464.81
1.42427e-36; 22574.5; -1280.89
1.3548e-36; 22574.5; -1218.6
1.28872e-36; 22574.5; -132.694
1.22587e-36; 22574.5; -2399.71
1.16608e-36; 22574.5; -2475.12
1.10921e-36; 22574.5; -109.662
1.05511e-36; 22574.5; -111.582
1.00365e-36; 22574.5; -190.049
9.54694e-37; 22574.5; -20.4266
9.08131e-37; 22574.5; -100.275
8.63839e-37; 22574.5; -87.3604
8.21707e-37; 22574.5; -64.6462
7.8163e-37; 22574.5; -165.174
7.43508e-37; 22574.5; -71.9119
7.07244e-37; 22574.5; -11.0638
6.7275e-37; 22574.5; -231.01
6.39938e-37; 22574.5; -519.63
6.08726e-37; 22574.5; -1263.08
5.79037e-37; 22574.5; -2423.35
5.50796e-37; 22574.5; -1323.02
5.23932e-37; 22574.5; -1692.02
4.98378e-37; 22574.5; -110.958
4.74071e-37; 22574.5; -128.033
4.50949e-37; 22574.5; -62.4155
4.28955e-37; 22574.5; -30.629
4.08033e-37; 22574.5; -10.6893
3.88132e-37; 22574.5; -1089.11
3.69202e-37; 22574.5; -73.1999
3.51195e-37; 22574.5; -366.594
3.34066e-37; 22574.5; -3668.36
3.17773e-37; 22574.5; -39.3456
3.02274e-37; 22574.5; -68.1457
2.87531e-37; 22574.5; -41.8525
2.73507e-37; 22574.5; -178.108
2.60168e-37; 22574.5; -53.4883
2.47479e-37; 22574.5; -69.358
2.35408e-37; 22574.5; -3229.42
2.23927e-37; 22574.5; -2776.51
2.13005e-37; 22574.5; -98.5909
2.02616e-37; 22574.5; -1152.32
1.92734e-37; 22574.5; -1401.53
1.83334e-37; 22574.5; -778.122
1.74392e-37; 22574.5; -228.428
1.65887e-37; 22574.5; -899.45
1.57796e-37; 22574.5; -1982.4
1.501e-37; 22574.5; -72.8796
1.42779e-37; 22574.5; -9.57062
1.35815e-37; 22574.5; -420.054
1.29191e-37; 22574.5; -827.383
1.2289e-37; 22574.5; -2.00537
1.16896e-37; 22574.5; -42.9797
1.11195e-37; 22574.5; -458.014
1.05772e-37; 22574.5; -1071.65
1.00613e-37; 22574.5; -242.553
9.57056e-38; 22574.5; -468.46
9.10377e-38; 22574.5; -15.8751
8.65975e-38; 22574.5; -142.949
8.23739e-38; 22574.5; -612.189
7.83563e-38; 22574.5; -193.943
7.45346e-38; 22574.5; -2175.03
7.08994e-38; 22574.5; -63.6407
6.74414e-38; 22574.5; -1.97847
6.41521e-38; 22574.5; -1769.82
6.10232e-38; 22574.5; -259.229
5.80469e-38; 22574.5; -121.947
5.52158e-38; 22574.5; 0
5.25227e-38; 22574.5; -186.08
4.99611e-38; 22574.5; -1347.16
4.75243e-38; 22574.5; -1056.29
4.52064e-38; 22574.5; -913.912
4.30016e-38; 22574.5; -2656.27
4.09042e-38; 22574.5; -2869.22
3.89092e-38; 22574.5; -246.286
